2026-04-07T17:04:01+00:00,0,0,0,0
2026-04-07T17:05:01+00:00,0,0,0,1
2026-04-07T17:06:01+00:00,0,0,0,0
2026-04-07T17:07:01+00:00,0,0,0,0
2026-04-07T17:08:01+00:00,0,0,0,0
2026-04-07T17:09:01+00:00,0,0,0,0
2026-04-07T17:10:01+00:00,0,0,0,0
2026-04-07T17:11:01+00:00,0,0,0,0
2026-04-07T17:12:01+00:00,0,0,0,0
2026-04-07T17:13:01+00:00,0,0,0,0
2026-04-07T17:14:01+00:00,0,0,0,0
2026-04-07T17:15:01+00:00,0,0,0,0
2026-04-07T17:16:01+00:00,0,0,0,0
2026-04-07T17:17:01+00:00,0,0,0,0
2026-04-07T17:18:01+00:00,0,0,0,0
2026-04-07T17:19:01+00:00,0,0,0,0
2026-04-07T17:20:01+00:00,0,0,0,0
2026-04-07T17:21:01+00:00,0,0,0,0
2026-04-07T17:22:01+00:00,0,0,0,0
2026-04-07T17:23:01+00:00,0,0,0,0
2026-04-07T17:24:01+00:00,0,0,0,0
2026-04-07T17:25:01+00:00,0,0,0,0
2026-04-07T17:26:01+00:00,0,0,0,0
2026-04-07T17:27:01+00:00,0,0,0,0
2026-04-07T17:28:01+00:00,0,0,0,0
2026-04-07T17:29:01+00:00,0,0,0,0
2026-04-07T17:30:01+00:00,0,0,1,0
2026-04-07T17:31:01+00:00,0,0,0,0
2026-04-07T17:32:01+00:00,0,0,0,0
2026-04-07T17:33:01+00:00,0,0,0,0
2026-04-07T17:34:01+00:00,0,0,0,0
2026-04-07T17:35:01+00:00,0,0,0,0
2026-04-07T17:36:01+00:00,0,0,0,0
2026-04-07T17:37:01+00:00,0,0,0,0
2026-04-07T17:38:01+00:00,0,0,0,0
2026-04-07T17:39:01+00:00,0,0,0,0
2026-04-07T17:40:01+00:00,0,0,0,0
2026-04-07T17:41:01+00:00,0,0,0,0
2026-04-07T17:42:01+00:00,0,0,0,0
2026-04-07T17:43:01+00:00,0,0,0,0
2026-04-07T17:44:01+00:00,0,0,0,0
2026-04-07T17:45:02+00:00,0,0,0,0
2026-04-07T17:46:01+00:00,0,0,0,0
2026-04-07T17:47:01+00:00,0,0,0,0
2026-04-07T17:48:01+00:00,0,0,0,0
2026-04-07T17:49:01+00:00,0,0,0,0
2026-04-07T17:50:01+00:00,0,0,0,0
2026-04-07T17:51:01+00:00,0,0,0,0
2026-04-07T17:52:01+00:00,0,0,0,0
2026-04-07T17:53:01+00:00,0,0,0,0
2026-04-07T17:54:01+00:00,0,0,0,0
2026-04-07T17:55:01+00:00,0,0,0,0
2026-04-07T17:56:01+00:00,0,0,0,0
2026-04-07T17:57:01+00:00,0,0,0,0
2026-04-07T17:58:01+00:00,0,0,0,0
2026-04-07T17:59:01+00:00,0,0,0,0
2026-04-07T18:00:01+00:00,0,0,0,0
2026-04-07T18:01:01+00:00,0,0,0,0
2026-04-07T18:02:01+00:00,0,0,0,0
2026-04-07T18:03:01+00:00,0,0,0,0
2026-04-07T18:04:01+00:00,0,0,0,0
2026-04-07T18:05:01+00:00,0,0,0,1
2026-04-07T18:06:01+00:00,0,0,0,0
2026-04-07T18:07:01+00:00,0,0,0,0
2026-04-07T18:08:01+00:00,0,0,0,0
2026-04-07T18:09:01+00:00,0,0,0,0
2026-04-07T18:10:01+00:00,0,0,0,0
2026-04-07T18:11:01+00:00,0,0,0,0
2026-04-07T18:12:01+00:00,0,0,0,0
2026-04-07T18:13:01+00:00,0,0,0,0
2026-04-07T18:14:01+00:00,0,0,0,0
2026-04-07T18:15:01+00:00,0,0,0,0
2026-04-07T18:16:01+00:00,0,0,0,0
2026-04-07T18:17:01+00:00,0,0,0,0
2026-04-07T18:18:01+00:00,0,0,0,0
2026-04-07T18:19:01+00:00,0,0,0,0
2026-04-07T18:20:01+00:00,0,0,0,0
2026-04-07T18:21:01+00:00,0,0,0,0
2026-04-07T18:22:01+00:00,0,0,0,0
2026-04-07T18:23:01+00:00,0,0,0,0
2026-04-07T18:24:01+00:00,0,0,0,0
2026-04-07T18:25:01+00:00,0,0,0,0
2026-04-07T18:26:01+00:00,0,0,0,0
2026-04-07T18:27:01+00:00,0,0,0,0
2026-04-07T18:28:01+00:00,0,0,0,0
2026-04-07T18:29:01+00:00,0,0,0,0
2026-04-07T18:30:01+00:00,0,0,1,0
2026-04-07T18:31:01+00:00,0,0,0,0
2026-04-07T18:32:01+00:00,0,0,0,0
2026-04-07T18:33:01+00:00,0,0,0,0
2026-04-07T18:34:01+00:00,0,0,0,0
2026-04-07T18:35:01+00:00,0,0,0,0
2026-04-07T18:36:01+00:00,0,0,0,0
2026-04-07T18:37:01+00:00,0,0,0,0
2026-04-07T18:38:01+00:00,0,0,0,0
2026-04-07T18:39:01+00:00,0,0,0,0
2026-04-07T18:40:01+00:00,0,0,0,0
2026-04-07T18:41:01+00:00,0,0,0,0
2026-04-07T18:42:01+00:00,0,0,0,0
2026-04-07T18:43:01+00:00,0,0,0,0
2026-04-07T18:44:01+00:00,0,0,0,0
2026-04-07T18:45:01+00:00,0,0,0,0
2026-04-07T18:46:01+00:00,0,0,0,0
2026-04-07T18:47:01+00:00,0,0,0,0
2026-04-07T18:48:01+00:00,0,0,0,0
2026-04-07T18:49:01+00:00,0,0,0,0
2026-04-07T18:50:01+00:00,0,0,0,0
2026-04-07T18:51:01+00:00,0,0,0,0
2026-04-07T18:52:01+00:00,0,0,0,0
2026-04-07T18:53:01+00:00,0,0,0,0
2026-04-07T18:54:01+00:00,0,0,0,0
2026-04-07T18:55:01+00:00,0,0,0,0
2026-04-07T18:56:01+00:00,0,0,0,0
2026-04-07T18:57:01+00:00,0,0,0,0
2026-04-07T18:58:01+00:00,0,0,0,0
2026-04-07T18:59:01+00:00,0,0,0,0
2026-04-07T19:00:01+00:00,0,0,0,0
2026-04-07T19:01:01+00:00,0,0,0,0
2026-04-07T19:02:01+00:00,0,0,0,0
2026-04-07T19:03:01+00:00,0,0,0,0
2026-04-07T19:04:01+00:00,0,0,0,0
2026-04-07T19:05:01+00:00,0,0,0,1
2026-04-07T19:06:01+00:00,0,0,0,0
2026-04-07T19:07:01+00:00,0,0,0,0
2026-04-07T19:08:01+00:00,0,0,0,0
2026-04-07T19:09:01+00:00,0,0,0,0
2026-04-07T19:10:01+00:00,0,0,0,0
2026-04-07T19:11:01+00:00,0,0,0,0
2026-04-07T19:12:01+00:00,0,0,0,0
2026-04-07T19:13:01+00:00,0,0,0,0
2026-04-07T19:14:01+00:00,0,0,0,0
2026-04-07T19:15:01+00:00,0,1,0,0
2026-04-07T19:16:01+00:00,0,0,0,0
2026-04-07T19:17:01+00:00,0,0,0,0
2026-04-07T19:18:01+00:00,0,0,0,0
2026-04-07T19:19:01+00:00,0,0,0,0
2026-04-07T19:20:01+00:00,0,0,0,0
2026-04-07T19:21:01+00:00,0,0,0,0
2026-04-07T19:22:01+00:00,0,0,0,0
2026-04-07T19:23:01+00:00,0,0,0,0
2026-04-07T19:24:01+00:00,0,0,0,0
2026-04-07T19:25:01+00:00,0,0,0,0
2026-04-07T19:26:01+00:00,0,0,0,0
2026-04-07T19:27:01+00:00,0,0,0,0
2026-04-07T19:28:01+00:00,0,0,0,0
2026-04-07T19:29:01+00:00,0,0,0,0
2026-04-07T19:30:01+00:00,0,0,0,0
2026-04-07T19:31:01+00:00,0,0,0,0
2026-04-07T19:32:01+00:00,0,0,0,0
2026-04-07T19:33:01+00:00,0,0,0,0
2026-04-07T19:34:01+00:00,0,0,0,0
2026-04-07T19:35:01+00:00,0,0,0,0
2026-04-07T19:36:01+00:00,0,0,0,0
2026-04-07T19:37:01+00:00,0,0,0,0
2026-04-07T19:38:01+00:00,0,0,0,0
2026-04-07T19:39:01+00:00,0,0,0,0
2026-04-07T19:40:01+00:00,0,0,0,0
2026-04-07T19:41:01+00:00,0,0,0,0
2026-04-07T19:42:01+00:00,0,0,0,0
2026-04-07T19:43:01+00:00,0,0,0,0
2026-04-07T19:44:01+00:00,0,0,0,0
2026-04-07T19:45:01+00:00,0,0,0,0
2026-04-07T19:46:01+00:00,0,0,0,0
2026-04-07T19:47:01+00:00,0,0,0,0
2026-04-07T19:48:01+00:00,0,0,0,0
2026-04-07T19:49:01+00:00,0,0,0,0
2026-04-07T19:50:01+00:00,0,0,0,0
2026-04-07T19:51:01+00:00,0,0,0,0
2026-04-07T19:52:01+00:00,0,0,0,0
2026-04-07T19:53:01+00:00,0,0,0,0
2026-04-07T19:54:01+00:00,0,0,0,0
2026-04-07T19:55:01+00:00,0,0,0,0
2026-04-07T19:56:01+00:00,0,0,0,0
2026-04-07T19:57:01+00:00,0,0,0,0
2026-04-07T19:58:01+00:00,0,0,0,0
2026-04-07T19:59:01+00:00,0,0,0,0
2026-04-07T20:00:01+00:00,0,0,0,0
2026-04-07T20:01:01+00:00,0,0,0,0
2026-04-07T20:02:01+00:00,0,0,0,0
2026-04-07T20:03:01+00:00,0,0,0,0
2026-04-07T20:04:01+00:00,0,0,0,0
2026-04-07T20:05:01+00:00,0,0,0,1
2026-04-07T20:06:01+00:00,0,0,0,0
2026-04-07T20:07:01+00:00,0,0,0,0
2026-04-07T20:08:01+00:00,0,0,0,0
2026-04-07T20:09:01+00:00,0,0,0,0
2026-04-07T20:10:01+00:00,0,0,0,0
2026-04-07T20:11:01+00:00,0,0,0,0
2026-04-07T20:12:01+00:00,0,0,0,0
2026-04-07T20:13:01+00:00,0,0,0,0
2026-04-07T20:14:01+00:00,0,0,0,0
2026-04-07T20:15:01+00:00,0,1,0,0
2026-04-07T20:16:01+00:00,0,0,0,0
2026-04-07T20:17:01+00:00,0,0,0,0
2026-04-07T20:18:01+00:00,0,0,0,0
2026-04-07T20:19:01+00:00,0,0,0,0
2026-04-07T20:20:01+00:00,0,0,0,0
2026-04-07T20:21:01+00:00,0,0,0,0
2026-04-07T20:22:01+00:00,0,0,0,0
2026-04-07T20:23:01+00:00,0,0,0,0
2026-04-07T20:24:01+00:00,0,0,0,0
2026-04-07T20:25:01+00:00,0,0,0,0
2026-04-07T20:26:01+00:00,0,0,0,0
2026-04-07T20:27:01+00:00,0,0,0,0
2026-04-07T20:28:01+00:00,0,0,0,0
2026-04-07T20:29:01+00:00,0,0,0,0
2026-04-07T20:30:01+00:00,0,0,1,0
2026-04-07T20:31:01+00:00,0,0,0,0
2026-04-07T20:32:01+00:00,0,0,0,0
2026-04-07T20:33:01+00:00,0,0,0,0
2026-04-07T20:34:01+00:00,0,0,0,0
2026-04-07T20:35:01+00:00,0,0,0,0
2026-04-07T20:36:01+00:00,0,0,0,0
2026-04-07T20:37:01+00:00,0,0,0,0
2026-04-07T20:38:01+00:00,0,0,0,0
2026-04-07T20:39:01+00:00,0,0,0,0
2026-04-07T20:40:01+00:00,0,0,0,0
2026-04-07T20:41:01+00:00,0,0,0,0
2026-04-07T20:42:01+00:00,0,0,0,0
2026-04-07T20:43:01+00:00,0,0,0,0
2026-04-07T20:44:01+00:00,0,0,0,0
2026-04-07T20:45:01+00:00,0,0,0,0
2026-04-07T20:46:01+00:00,0,0,0,0
2026-04-07T20:47:01+00:00,0,0,0,0
2026-04-07T20:48:01+00:00,0,0,0,0
2026-04-07T20:49:01+00:00,0,0,0,0
2026-04-07T20:50:01+00:00,0,0,0,0
2026-04-07T20:51:01+00:00,0,0,0,0
2026-04-07T20:52:01+00:00,0,0,0,0
2026-04-07T20:53:01+00:00,0,0,0,0
2026-04-07T20:54:01+00:00,0,0,0,0
2026-04-07T20:55:01+00:00,0,0,0,0
2026-04-07T20:56:01+00:00,0,0,0,0
2026-04-07T20:57:01+00:00,0,0,0,0
2026-04-07T20:58:01+00:00,0,0,0,0
2026-04-07T20:59:01+00:00,0,0,0,0
2026-04-07T21:00:01+00:00,0,0,0,0
2026-04-07T21:01:01+00:00,0,0,0,0
2026-04-07T21:02:01+00:00,0,0,0,0
2026-04-07T21:03:01+00:00,0,0,0,0
2026-04-07T21:04:01+00:00,0,0,0,0
2026-04-07T21:05:01+00:00,0,0,0,1
2026-04-07T21:06:01+00:00,0,0,0,0
2026-04-07T21:07:01+00:00,0,0,0,0
2026-04-07T21:08:01+00:00,0,0,0,0
2026-04-07T21:09:01+00:00,0,0,0,0
2026-04-07T21:10:01+00:00,0,0,0,0
2026-04-07T21:11:01+00:00,0,0,0,0
2026-04-07T21:12:01+00:00,0,0,0,0
2026-04-07T21:13:01+00:00,0,0,0,0
2026-04-07T21:14:01+00:00,0,0,0,0
2026-04-07T21:15:01+00:00,0,1,0,0
2026-04-07T21:16:01+00:00,0,0,0,0
2026-04-07T21:17:01+00:00,0,0,0,0
2026-04-07T21:18:01+00:00,0,0,0,0
2026-04-07T21:19:01+00:00,0,0,0,0
2026-04-07T21:20:01+00:00,0,0,0,0
2026-04-07T21:21:01+00:00,0,0,0,0
2026-04-07T21:22:01+00:00,0,0,0,0
2026-04-07T21:23:01+00:00,0,0,0,0
2026-04-07T21:24:01+00:00,0,0,0,0
2026-04-07T21:25:01+00:00,0,0,0,0
2026-04-07T21:26:01+00:00,0,0,0,0
2026-04-07T21:27:01+00:00,0,0,0,0
2026-04-07T21:28:01+00:00,0,0,0,0
2026-04-07T21:29:01+00:00,0,0,0,0
2026-04-07T21:30:01+00:00,0,0,1,0
2026-04-07T21:31:01+00:00,0,0,0,0
2026-04-07T21:32:01+00:00,0,0,0,0
2026-04-07T21:33:02+00:00,0,0,0,0
2026-04-07T21:34:01+00:00,0,0,0,0
2026-04-07T21:35:01+00:00,0,0,0,0
2026-04-07T21:36:01+00:00,0,0,0,0
2026-04-07T21:37:01+00:00,0,0,0,0
2026-04-07T21:38:01+00:00,0,0,0,0
2026-04-07T21:39:01+00:00,0,0,0,0
2026-04-07T21:40:01+00:00,0,0,0,0
2026-04-07T21:41:01+00:00,0,0,0,0
2026-04-07T21:42:01+00:00,0,0,0,0
2026-04-07T21:43:01+00:00,0,0,0,0
2026-04-07T21:44:01+00:00,0,0,0,0
2026-04-07T21:45:01+00:00,0,0,0,0
2026-04-07T21:46:01+00:00,0,0,0,0
2026-04-07T21:47:01+00:00,0,0,0,0
2026-04-07T21:48:01+00:00,0,0,0,0
2026-04-07T21:49:01+00:00,0,0,0,0
2026-04-07T21:50:01+00:00,0,0,0,0
2026-04-07T21:51:01+00:00,0,0,0,0
2026-04-07T21:52:01+00:00,0,0,0,0
2026-04-07T21:53:01+00:00,0,0,0,0
2026-04-07T21:54:01+00:00,0,0,0,0
2026-04-07T21:55:01+00:00,0,0,0,0
2026-04-07T21:56:01+00:00,0,0,0,0
2026-04-07T21:57:01+00:00,0,0,0,0
2026-04-07T21:58:01+00:00,0,0,0,0
2026-04-07T21:59:01+00:00,0,0,0,0
2026-04-07T22:00:01+00:00,0,0,0,0
2026-04-07T22:01:01+00:00,0,0,0,0
2026-04-07T22:02:01+00:00,0,0,0,0
2026-04-07T22:03:01+00:00,0,0,0,0
2026-04-07T22:04:01+00:00,0,0,0,0
2026-04-07T22:05:01+00:00,0,0,0,1
2026-04-07T22:06:01+00:00,0,0,0,0
2026-04-07T22:07:01+00:00,0,0,0,0
2026-04-07T22:08:01+00:00,0,0,0,0
2026-04-07T22:09:01+00:00,0,0,0,0
2026-04-07T22:10:01+00:00,0,0,0,0
2026-04-07T22:11:01+00:00,0,0,0,0
2026-04-07T22:12:01+00:00,0,0,0,0
2026-04-07T22:13:01+00:00,0,0,0,0
2026-04-07T22:14:01+00:00,0,0,0,0
2026-04-07T22:15:01+00:00,0,1,0,0
2026-04-07T22:16:01+00:00,0,0,0,0
2026-04-07T22:17:01+00:00,0,0,0,0
2026-04-07T22:18:01+00:00,0,0,0,0
2026-04-07T22:19:01+00:00,0,0,0,0
2026-04-07T22:20:01+00:00,0,0,0,0
2026-04-07T22:21:01+00:00,0,0,0,0
2026-04-07T22:22:01+00:00,0,0,0,0
2026-04-07T22:23:01+00:00,0,0,0,0
2026-04-07T22:24:01+00:00,0,0,0,0
2026-04-07T22:25:01+00:00,0,0,0,0
2026-04-07T22:26:01+00:00,0,0,0,0
2026-04-07T22:27:01+00:00,0,0,0,0
2026-04-07T22:28:01+00:00,0,0,0,0
2026-04-07T22:29:01+00:00,0,0,0,0
2026-04-07T22:30:01+00:00,0,0,1,0
2026-04-07T22:31:01+00:00,0,0,0,0
2026-04-07T22:32:01+00:00,0,0,0,0
2026-04-07T22:33:01+00:00,0,0,0,0
2026-04-07T22:34:01+00:00,0,0,0,0
2026-04-07T22:35:01+00:00,0,0,0,0
2026-04-07T22:36:01+00:00,0,0,0,0
2026-04-07T22:37:01+00:00,0,0,0,0
2026-04-07T22:38:01+00:00,0,0,0,0
2026-04-07T22:39:01+00:00,0,0,0,0
2026-04-07T22:40:01+00:00,0,0,0,0
2026-04-07T22:41:01+00:00,0,0,0,0
2026-04-07T22:42:01+00:00,0,0,0,0
2026-04-07T22:43:01+00:00,0,0,0,0
2026-04-07T22:44:01+00:00,0,0,0,0
2026-04-07T22:45:01+00:00,0,0,0,0
2026-04-07T22:46:01+00:00,0,0,0,0
2026-04-07T22:47:01+00:00,0,0,0,0
2026-04-07T22:48:01+00:00,0,0,0,0
2026-04-07T22:49:01+00:00,0,0,0,0
2026-04-07T22:50:01+00:00,0,0,0,0
2026-04-07T22:51:01+00:00,0,0,0,0
2026-04-07T22:52:01+00:00,0,0,0,0
2026-04-07T22:53:01+00:00,0,0,0,0
2026-04-07T22:54:01+00:00,0,0,0,0
2026-04-07T22:55:01+00:00,0,0,0,0
2026-04-07T22:56:01+00:00,0,0,0,0
2026-04-07T22:57:01+00:00,0,0,0,0
2026-04-07T22:58:01+00:00,0,0,0,0
2026-04-07T22:59:01+00:00,0,0,0,0
2026-04-07T23:00:01+00:00,0,0,0,0
2026-04-07T23:01:01+00:00,0,0,0,0
2026-04-07T23:02:01+00:00,0,0,0,0
2026-04-07T23:03:01+00:00,0,0,0,0
2026-04-07T23:04:01+00:00,0,0,0,0
2026-04-07T23:05:01+00:00,0,0,0,1
2026-04-07T23:06:01+00:00,0,0,0,0
2026-04-07T23:07:01+00:00,0,0,0,0
2026-04-07T23:08:01+00:00,0,0,0,0
2026-04-07T23:09:01+00:00,0,0,0,0
2026-04-07T23:10:01+00:00,0,0,0,0
2026-04-07T23:11:01+00:00,0,0,0,0
2026-04-07T23:12:01+00:00,0,0,0,0
2026-04-07T23:13:01+00:00,0,0,0,0
2026-04-07T23:14:01+00:00,0,0,0,0
2026-04-07T23:15:01+00:00,0,1,0,0
2026-04-07T23:16:01+00:00,0,0,0,0
2026-04-07T23:17:01+00:00,0,0,0,0
2026-04-07T23:18:01+00:00,0,0,0,0
2026-04-07T23:19:01+00:00,0,0,0,0
2026-04-07T23:20:01+00:00,0,0,0,0
2026-04-07T23:21:01+00:00,0,0,0,0
2026-04-07T23:22:01+00:00,0,0,0,0
2026-04-07T23:23:01+00:00,0,0,0,0
2026-04-07T23:24:01+00:00,0,0,0,0
2026-04-07T23:25:01+00:00,0,0,0,0
2026-04-07T23:26:01+00:00,0,0,0,0
2026-04-07T23:27:01+00:00,0,0,0,0
2026-04-07T23:28:01+00:00,0,0,0,0
2026-04-07T23:29:01+00:00,0,0,0,0
2026-04-07T23:30:01+00:00,0,0,0,0
2026-04-07T23:31:01+00:00,0,0,0,0
2026-04-07T23:32:01+00:00,0,0,0,0
2026-04-07T23:33:01+00:00,0,0,0,0
2026-04-07T23:34:01+00:00,0,0,0,0
2026-04-07T23:35:01+00:00,0,0,0,0
2026-04-07T23:36:01+00:00,0,0,0,0
2026-04-07T23:37:01+00:00,0,0,0,0
2026-04-07T23:38:01+00:00,0,0,0,0
2026-04-07T23:39:01+00:00,0,0,0,0
2026-04-07T23:40:01+00:00,0,0,0,0
2026-04-07T23:41:01+00:00,0,0,0,0
2026-04-07T23:42:01+00:00,0,0,0,0
2026-04-07T23:43:01+00:00,0,0,0,0
2026-04-07T23:44:01+00:00,0,0,0,0
2026-04-07T23:45:01+00:00,0,0,0,0
2026-04-07T23:46:01+00:00,0,0,0,0
2026-04-07T23:47:01+00:00,0,0,0,0
2026-04-07T23:48:01+00:00,0,0,0,0
2026-04-07T23:49:01+00:00,0,0,0,0
2026-04-07T23:50:01+00:00,0,0,0,0
2026-04-07T23:51:01+00:00,0,0,0,0
2026-04-07T23:52:01+00:00,0,0,0,0
2026-04-07T23:53:01+00:00,0,0,0,0
2026-04-07T23:54:01+00:00,0,0,0,0
2026-04-07T23:55:01+00:00,0,0,0,0
2026-04-07T23:56:01+00:00,0,0,0,0
2026-04-07T23:57:01+00:00,0,0,0,0
2026-04-07T23:58:01+00:00,0,0,0,0
2026-04-07T23:59:01+00:00,0,0,0,0
2026-04-08T00:00:01+00:00,0,0,0,0
2026-04-08T00:01:01+00:00,0,0,0,0
2026-04-08T00:02:01+00:00,0,0,0,0
2026-04-08T00:03:01+00:00,0,0,0,0
2026-04-08T00:04:01+00:00,0,0,0,0
2026-04-08T00:05:01+00:00,0,0,0,1
2026-04-08T00:06:01+00:00,0,0,0,0
2026-04-08T00:07:01+00:00,0,0,0,0
2026-04-08T00:08:01+00:00,0,0,0,0
2026-04-08T00:09:01+00:00,0,0,0,0
2026-04-08T00:10:01+00:00,0,0,0,0
2026-04-08T00:11:01+00:00,0,0,0,0
2026-04-08T00:12:01+00:00,0,0,0,0
2026-04-08T00:13:01+00:00,0,0,0,0
2026-04-08T00:14:01+00:00,0,0,0,0
2026-04-08T00:15:01+00:00,0,1,0,0
2026-04-08T00:16:01+00:00,0,0,0,0
2026-04-08T00:17:01+00:00,0,0,0,0
2026-04-08T00:18:01+00:00,0,0,0,0
2026-04-08T00:19:01+00:00,0,0,0,0
2026-04-08T00:20:01+00:00,0,0,0,0
2026-04-08T00:21:01+00:00,0,0,0,0
2026-04-08T00:22:01+00:00,0,0,0,0
2026-04-08T00:23:01+00:00,0,0,0,0
2026-04-08T00:24:01+00:00,0,0,0,0
2026-04-08T00:25:01+00:00,0,0,0,0
2026-04-08T00:26:01+00:00,0,0,0,0
2026-04-08T00:27:01+00:00,0,0,0,0
2026-04-08T00:28:01+00:00,0,0,0,0
2026-04-08T00:29:01+00:00,0,0,0,0
2026-04-08T00:30:01+00:00,0,0,1,0
2026-04-08T00:31:01+00:00,0,0,0,0
2026-04-08T00:32:01+00:00,0,0,0,0
2026-04-08T00:33:01+00:00,0,0,0,0
2026-04-08T00:34:01+00:00,0,0,0,0
2026-04-08T00:35:01+00:00,0,0,0,0
2026-04-08T00:36:01+00:00,0,0,0,0
2026-04-08T00:37:01+00:00,0,0,0,0
2026-04-08T00:38:01+00:00,0,0,0,0
2026-04-08T00:39:01+00:00,0,0,0,0
2026-04-08T00:40:01+00:00,0,0,0,0
2026-04-08T00:41:01+00:00,0,0,0,0
2026-04-08T00:42:01+00:00,0,0,0,0
2026-04-08T00:43:01+00:00,0,0,0,0
2026-04-08T00:44:01+00:00,0,0,0,0
2026-04-08T00:45:01+00:00,0,0,0,0
2026-04-08T00:46:01+00:00,0,0,0,0
2026-04-08T00:47:01+00:00,0,0,0,0
2026-04-08T00:48:01+00:00,0,0,0,0
2026-04-08T00:49:01+00:00,0,0,0,0
2026-04-08T00:50:01+00:00,0,0,0,0
2026-04-08T00:51:01+00:00,0,0,0,0
2026-04-08T00:52:01+00:00,0,0,0,0
2026-04-08T00:53:01+00:00,0,0,0,0
2026-04-08T00:54:01+00:00,0,0,0,0
2026-04-08T00:55:01+00:00,0,0,0,0
2026-04-08T00:56:01+00:00,0,0,0,0
2026-04-08T00:57:01+00:00,0,0,0,0
2026-04-08T00:58:01+00:00,0,0,0,0
2026-04-08T00:59:01+00:00,0,0,0,0
2026-04-08T01:00:01+00:00,0,0,0,0
2026-04-08T01:01:01+00:00,0,0,0,0
2026-04-08T01:02:01+00:00,0,0,0,0
2026-04-08T01:03:01+00:00,0,0,0,0
2026-04-08T01:04:01+00:00,0,0,0,0
2026-04-08T01:05:01+00:00,0,0,0,1
2026-04-08T01:06:01+00:00,0,0,0,0
2026-04-08T01:07:01+00:00,0,0,0,0
2026-04-08T01:08:01+00:00,0,0,0,0
2026-04-08T01:09:01+00:00,0,0,0,0
2026-04-08T01:10:01+00:00,0,0,0,0
2026-04-08T01:11:01+00:00,0,0,0,0
2026-04-08T01:12:01+00:00,0,0,0,0
2026-04-08T01:13:01+00:00,0,0,0,0
2026-04-08T01:14:01+00:00,0,0,0,0
2026-04-08T01:15:01+00:00,0,1,0,0
2026-04-08T01:16:01+00:00,0,0,0,0
2026-04-08T01:17:01+00:00,0,0,0,0
2026-04-08T01:18:01+00:00,0,0,0,0
2026-04-08T01:19:01+00:00,0,0,0,0
2026-04-08T01:20:01+00:00,0,0,0,0
2026-04-08T01:21:01+00:00,0,0,0,0
2026-04-08T01:22:01+00:00,0,0,0,0
2026-04-08T01:23:01+00:00,0,0,0,0
2026-04-08T01:24:01+00:00,0,0,0,0
2026-04-08T01:25:01+00:00,0,0,0,0
2026-04-08T01:26:01+00:00,0,0,0,0
2026-04-08T01:27:01+00:00,0,0,0,0
2026-04-08T01:28:01+00:00,0,0,0,0
2026-04-08T01:29:01+00:00,0,0,0,0
2026-04-08T01:30:01+00:00,0,0,1,0
2026-04-08T01:31:01+00:00,0,0,0,0
2026-04-08T01:32:01+00:00,0,0,0,0
2026-04-08T01:33:01+00:00,0,0,0,0
2026-04-08T01:34:01+00:00,0,0,0,0
2026-04-08T01:35:01+00:00,0,0,0,0
2026-04-08T01:36:01+00:00,0,0,0,0
2026-04-08T01:37:01+00:00,0,0,0,0
2026-04-08T01:38:01+00:00,0,0,0,0
2026-04-08T01:39:01+00:00,0,0,0,0
2026-04-08T01:40:01+00:00,0,0,0,0
2026-04-08T01:41:01+00:00,0,0,0,0
2026-04-08T01:42:01+00:00,0,0,0,0
2026-04-08T01:43:01+00:00,0,0,0,0
2026-04-08T01:44:01+00:00,0,0,0,0
2026-04-08T01:45:01+00:00,0,0,0,0
2026-04-08T01:46:01+00:00,0,0,0,0
2026-04-08T01:47:01+00:00,0,0,0,0
2026-04-08T01:48:01+00:00,0,0,0,0
2026-04-08T01:49:01+00:00,0,0,0,0
2026-04-08T01:50:01+00:00,0,0,0,0
2026-04-08T01:51:01+00:00,0,0,0,0
2026-04-08T01:52:01+00:00,0,0,0,0
2026-04-08T01:53:01+00:00,0,0,0,0
2026-04-08T01:54:01+00:00,0,0,0,0
2026-04-08T01:55:01+00:00,0,0,0,0
2026-04-08T01:56:01+00:00,0,0,0,0
2026-04-08T01:57:01+00:00,0,0,0,0
2026-04-08T01:58:01+00:00,0,0,0,0
2026-04-08T01:59:01+00:00,0,0,0,0
2026-04-08T02:00:01+00:00,0,0,0,0
2026-04-08T02:01:01+00:00,0,0,0,0
2026-04-08T02:02:01+00:00,0,0,0,0
2026-04-08T02:03:01+00:00,0,0,0,0
2026-04-08T02:04:01+00:00,0,0,0,0
2026-04-08T02:05:01+00:00,0,0,0,1
2026-04-08T02:06:01+00:00,0,0,0,0
2026-04-08T02:07:01+00:00,0,0,0,0
2026-04-08T02:08:01+00:00,0,0,0,0
2026-04-08T02:09:01+00:00,0,0,0,0
2026-04-08T02:10:01+00:00,0,0,0,0
2026-04-08T02:11:01+00:00,0,0,0,0
2026-04-08T02:12:01+00:00,0,0,0,0
2026-04-08T02:13:02+00:00,0,0,0,0
2026-04-08T02:14:01+00:00,0,0,0,0
2026-04-08T02:15:01+00:00,0,0,0,0
2026-04-08T02:16:01+00:00,0,0,0,0
2026-04-08T02:17:01+00:00,0,0,0,0
2026-04-08T02:18:01+00:00,0,0,0,0
2026-04-08T02:19:01+00:00,0,0,0,0
2026-04-08T02:20:01+00:00,0,0,0,0
2026-04-08T02:21:01+00:00,0,0,0,0
2026-04-08T02:22:01+00:00,0,0,0,0
2026-04-08T02:23:01+00:00,0,0,0,0
2026-04-08T02:24:01+00:00,0,0,0,0
2026-04-08T02:25:01+00:00,0,0,0,0
2026-04-08T02:26:01+00:00,0,0,0,0
2026-04-08T02:27:01+00:00,0,0,0,0
2026-04-08T02:28:01+00:00,0,0,0,0
2026-04-08T02:29:01+00:00,0,0,0,0
2026-04-08T02:30:02+00:00,0,0,1,0
2026-04-08T02:31:01+00:00,0,0,0,0
2026-04-08T02:32:01+00:00,0,0,0,0
2026-04-08T02:33:01+00:00,0,0,0,0
2026-04-08T02:34:01+00:00,0,0,0,0
2026-04-08T02:35:01+00:00,0,0,0,0
2026-04-08T02:36:01+00:00,0,0,0,0
2026-04-08T02:37:01+00:00,0,0,0,0
2026-04-08T02:38:01+00:00,0,0,0,0
2026-04-08T02:39:01+00:00,0,0,0,0
2026-04-08T02:40:01+00:00,0,0,0,0
2026-04-08T02:41:01+00:00,0,0,0,0
2026-04-08T02:42:01+00:00,0,0,0,0
2026-04-08T02:43:01+00:00,0,0,0,0
2026-04-08T02:44:01+00:00,0,0,0,0
2026-04-08T02:45:01+00:00,0,0,0,0
2026-04-08T02:46:01+00:00,0,0,0,0
2026-04-08T02:47:01+00:00,0,0,0,0
2026-04-08T02:48:01+00:00,0,0,0,0
2026-04-08T02:49:01+00:00,0,0,0,0
2026-04-08T02:50:01+00:00,0,0,0,0
2026-04-08T02:51:01+00:00,0,0,0,0
2026-04-08T02:52:01+00:00,0,0,0,0
2026-04-08T02:53:01+00:00,0,0,0,0
2026-04-08T02:54:01+00:00,0,0,0,0
2026-04-08T02:55:01+00:00,0,0,0,0
2026-04-08T02:56:01+00:00,0,0,0,0
2026-04-08T02:57:01+00:00,0,0,0,0
2026-04-08T02:58:01+00:00,0,0,0,0
2026-04-08T02:59:01+00:00,0,0,0,0
2026-04-08T03:00:01+00:00,0,0,0,0
2026-04-08T03:01:01+00:00,0,0,0,0
2026-04-08T03:02:01+00:00,0,0,0,0
2026-04-08T03:03:01+00:00,0,0,0,0
2026-04-08T03:04:01+00:00,0,0,0,0
2026-04-08T03:05:01+00:00,0,0,0,1
2026-04-08T03:06:01+00:00,0,0,0,0
2026-04-08T03:07:01+00:00,0,0,0,0
2026-04-08T03:08:01+00:00,0,0,0,0
2026-04-08T03:09:01+00:00,0,0,0,0
2026-04-08T03:10:01+00:00,0,0,0,0
2026-04-08T03:11:01+00:00,0,0,0,0
2026-04-08T03:12:01+00:00,0,0,0,0
2026-04-08T03:13:01+00:00,0,0,0,0
2026-04-08T03:14:01+00:00,0,0,0,0
2026-04-08T03:15:01+00:00,0,0,0,0
2026-04-08T03:16:01+00:00,0,0,0,0
2026-04-08T03:17:01+00:00,0,0,0,0
2026-04-08T03:18:01+00:00,0,0,0,0
2026-04-08T03:19:01+00:00,0,0,0,0
2026-04-08T03:20:01+00:00,0,0,0,0
2026-04-08T03:21:01+00:00,0,0,0,0
2026-04-08T03:22:01+00:00,0,0,0,0
2026-04-08T03:23:01+00:00,0,0,0,0
2026-04-08T03:24:01+00:00,0,0,0,0
2026-04-08T03:25:01+00:00,0,0,0,0
2026-04-08T03:26:01+00:00,0,0,0,0
2026-04-08T03:27:01+00:00,0,0,0,0
2026-04-08T03:28:01+00:00,0,0,0,0
2026-04-08T03:29:01+00:00,0,0,0,0
2026-04-08T03:30:01+00:00,0,0,1,0
2026-04-08T03:31:01+00:00,0,0,0,0
2026-04-08T03:32:01+00:00,0,0,0,0
2026-04-08T03:33:01+00:00,0,0,0,0
2026-04-08T03:34:01+00:00,0,0,0,0
2026-04-08T03:35:01+00:00,0,0,0,0
2026-04-08T03:36:01+00:00,0,0,0,0
2026-04-08T03:37:01+00:00,0,0,0,0
2026-04-08T03:38:01+00:00,0,0,0,0
2026-04-08T03:39:01+00:00,0,0,0,0
2026-04-08T03:40:01+00:00,0,0,0,0
2026-04-08T03:41:01+00:00,0,0,0,0
2026-04-08T03:42:01+00:00,0,0,0,0
2026-04-08T03:43:01+00:00,0,0,0,0
2026-04-08T03:44:01+00:00,0,0,0,0
2026-04-08T03:45:02+00:00,0,0,0,0
2026-04-08T03:46:01+00:00,0,0,0,0
2026-04-08T03:47:01+00:00,0,0,0,0
2026-04-08T03:48:01+00:00,0,0,0,0
2026-04-08T03:49:01+00:00,0,0,0,0
2026-04-08T03:50:01+00:00,0,0,0,0
2026-04-08T03:51:01+00:00,0,0,0,0
2026-04-08T03:52:01+00:00,0,0,0,0
2026-04-08T03:53:01+00:00,0,0,0,0
2026-04-08T03:54:01+00:00,0,0,0,0
2026-04-08T03:55:01+00:00,0,0,0,0
2026-04-08T03:56:01+00:00,0,0,0,0
2026-04-08T03:57:01+00:00,0,0,0,0
2026-04-08T03:58:01+00:00,0,0,0,0
2026-04-08T03:59:01+00:00,0,0,0,0
2026-04-08T04:00:01+00:00,0,0,0,0
2026-04-08T04:01:01+00:00,0,0,0,0
2026-04-08T04:02:01+00:00,0,0,0,0
2026-04-08T04:03:01+00:00,0,0,0,0
2026-04-08T04:04:01+00:00,0,0,0,0
2026-04-08T04:05:01+00:00,0,0,0,1
2026-04-08T04:06:01+00:00,0,0,0,0
2026-04-08T04:07:01+00:00,0,0,0,0
2026-04-08T04:08:01+00:00,0,0,0,0
2026-04-08T04:09:01+00:00,0,0,0,0
2026-04-08T04:10:01+00:00,0,0,0,0
2026-04-08T04:11:01+00:00,0,0,0,0
2026-04-08T04:12:01+00:00,0,0,0,0
2026-04-08T04:13:01+00:00,0,0,0,0
2026-04-08T04:14:01+00:00,0,0,0,0
2026-04-08T04:15:01+00:00,0,1,0,0
2026-04-08T04:16:01+00:00,0,0,0,0
2026-04-08T04:17:01+00:00,0,0,0,0
2026-04-08T04:18:01+00:00,0,0,0,0
2026-04-08T04:19:01+00:00,0,0,0,0
2026-04-08T04:20:01+00:00,0,0,0,0
2026-04-08T04:21:01+00:00,0,0,0,0
2026-04-08T04:22:01+00:00,0,0,0,0
2026-04-08T04:23:01+00:00,0,0,0,0
2026-04-08T04:24:01+00:00,0,0,0,0
2026-04-08T04:25:01+00:00,0,0,0,0
2026-04-08T04:26:01+00:00,0,0,0,0
2026-04-08T04:27:01+00:00,0,0,0,0
2026-04-08T04:28:01+00:00,0,0,0,0
2026-04-08T04:29:01+00:00,0,0,0,0
2026-04-08T04:30:01+00:00,0,0,1,0
2026-04-08T04:31:01+00:00,0,0,0,0
2026-04-08T04:32:01+00:00,0,0,0,0
2026-04-08T04:33:01+00:00,0,0,0,0
2026-04-08T04:34:01+00:00,0,0,0,0
2026-04-08T04:35:01+00:00,0,0,0,0
2026-04-08T04:36:01+00:00,0,0,0,0
2026-04-08T04:37:01+00:00,0,0,0,0
2026-04-08T04:38:01+00:00,0,0,0,0
2026-04-08T04:39:01+00:00,0,0,0,0
2026-04-08T04:40:01+00:00,0,0,0,0
2026-04-08T04:41:01+00:00,0,0,0,0
2026-04-08T04:42:01+00:00,0,0,0,0
2026-04-08T04:43:01+00:00,0,0,0,0
2026-04-08T04:44:01+00:00,0,0,0,0
2026-04-08T04:45:01+00:00,0,0,0,0
2026-04-08T04:46:01+00:00,0,0,0,0
2026-04-08T04:47:01+00:00,0,0,0,0
2026-04-08T04:48:01+00:00,0,0,0,0
2026-04-08T04:49:01+00:00,0,0,0,0
2026-04-08T04:50:01+00:00,0,0,0,0
2026-04-08T04:51:01+00:00,0,0,0,0
2026-04-08T04:52:01+00:00,0,0,0,0
2026-04-08T04:53:01+00:00,0,0,0,0
2026-04-08T04:54:01+00:00,0,0,0,0
2026-04-08T04:55:01+00:00,0,0,0,0
2026-04-08T04:56:01+00:00,0,0,0,0
2026-04-08T04:57:01+00:00,0,0,0,0
2026-04-08T04:58:01+00:00,0,0,0,0
2026-04-08T04:59:01+00:00,0,0,0,0
2026-04-08T05:00:01+00:00,0,0,0,0
2026-04-08T05:01:01+00:00,0,0,0,0
2026-04-08T05:02:01+00:00,0,0,0,0
2026-04-08T05:03:01+00:00,0,0,0,0
2026-04-08T05:04:01+00:00,0,0,0,0
2026-04-08T05:05:01+00:00,0,0,0,1
2026-04-08T05:06:01+00:00,0,0,0,0
2026-04-08T05:07:01+00:00,0,0,0,0
2026-04-08T05:08:01+00:00,0,0,0,0
2026-04-08T05:09:01+00:00,0,0,0,0
2026-04-08T05:10:01+00:00,0,0,0,0
2026-04-08T05:11:01+00:00,0,0,0,0
2026-04-08T05:12:01+00:00,0,0,0,0
2026-04-08T05:13:01+00:00,0,0,0,0
2026-04-08T05:14:01+00:00,0,0,0,0
2026-04-08T05:15:01+00:00,0,0,0,0
2026-04-08T05:16:01+00:00,0,0,0,0
2026-04-08T05:17:01+00:00,0,0,0,0
2026-04-08T05:18:01+00:00,0,0,0,0
2026-04-08T05:19:01+00:00,0,0,0,0
2026-04-08T05:20:01+00:00,0,0,0,0
2026-04-08T05:21:01+00:00,0,0,0,0
2026-04-08T05:22:01+00:00,0,0,0,0
2026-04-08T05:23:01+00:00,0,0,0,0
2026-04-08T05:24:01+00:00,0,0,0,0
2026-04-08T05:25:01+00:00,0,0,0,0
2026-04-08T05:26:01+00:00,0,0,0,0
2026-04-08T05:27:01+00:00,0,0,0,0
2026-04-08T05:28:01+00:00,0,0,0,0
2026-04-08T05:29:01+00:00,0,0,0,0
2026-04-08T05:30:01+00:00,0,0,1,0
2026-04-08T05:31:01+00:00,0,0,0,0
2026-04-08T05:32:01+00:00,0,0,0,0
2026-04-08T05:33:02+00:00,0,0,0,0
2026-04-08T05:34:01+00:00,0,0,0,0
2026-04-08T05:35:01+00:00,0,0,0,0
2026-04-08T05:36:01+00:00,0,0,0,0
2026-04-08T05:37:01+00:00,0,0,0,0
2026-04-08T05:38:01+00:00,0,0,0,0
2026-04-08T05:39:01+00:00,0,0,0,0
2026-04-08T05:40:01+00:00,0,0,0,0
2026-04-08T05:41:01+00:00,0,0,0,0
2026-04-08T05:42:01+00:00,0,0,0,0
2026-04-08T05:43:01+00:00,0,0,0,0
2026-04-08T05:44:01+00:00,0,0,0,0
2026-04-08T05:45:01+00:00,0,0,0,0
2026-04-08T05:46:01+00:00,0,0,0,0
2026-04-08T05:47:01+00:00,0,0,0,0
2026-04-08T05:48:01+00:00,0,0,0,0
2026-04-08T05:49:01+00:00,0,0,0,0
2026-04-08T05:50:01+00:00,0,0,0,0
2026-04-08T05:51:01+00:00,0,0,0,0
2026-04-08T05:52:01+00:00,0,0,0,0
2026-04-08T05:53:01+00:00,0,0,0,0
2026-04-08T05:54:01+00:00,0,0,0,0
2026-04-08T05:55:01+00:00,0,0,0,0
2026-04-08T05:56:01+00:00,0,0,0,0
2026-04-08T05:57:01+00:00,0,0,0,0
2026-04-08T05:58:01+00:00,0,0,0,0
2026-04-08T05:59:01+00:00,0,0,0,0
2026-04-08T06:00:01+00:00,0,0,0,0
2026-04-08T06:01:01+00:00,0,0,0,0
2026-04-08T06:02:01+00:00,0,0,0,0
2026-04-08T06:03:01+00:00,0,0,0,0
2026-04-08T06:04:01+00:00,0,0,0,0
2026-04-08T06:05:01+00:00,0,0,0,1
2026-04-08T06:06:01+00:00,0,0,0,0
2026-04-08T06:07:01+00:00,0,0,0,0
2026-04-08T06:08:01+00:00,0,0,0,0
2026-04-08T06:09:01+00:00,0,0,0,0
2026-04-08T06:10:01+00:00,0,0,0,0
2026-04-08T06:11:01+00:00,0,0,0,0
2026-04-08T06:12:01+00:00,0,0,0,0
2026-04-08T06:13:01+00:00,0,0,0,0
2026-04-08T06:14:01+00:00,0,0,0,0
2026-04-08T06:15:01+00:00,0,0,0,0
2026-04-08T06:16:01+00:00,0,0,0,0
2026-04-08T06:17:01+00:00,0,0,0,0
2026-04-08T06:18:01+00:00,0,0,0,0
2026-04-08T06:19:01+00:00,0,0,0,0
2026-04-08T06:20:01+00:00,0,0,0,0
2026-04-08T06:21:01+00:00,0,0,0,0
2026-04-08T06:22:01+00:00,0,0,0,0
2026-04-08T06:23:01+00:00,0,0,0,0
2026-04-08T06:24:01+00:00,0,0,0,0
2026-04-08T06:25:01+00:00,0,0,0,0
2026-04-08T06:26:01+00:00,0,0,0,0
2026-04-08T06:27:01+00:00,0,0,0,0
2026-04-08T06:28:01+00:00,0,0,0,0
2026-04-08T06:29:01+00:00,0,0,0,0
2026-04-08T06:30:01+00:00,0,0,1,0
2026-04-08T06:31:01+00:00,0,0,0,0
2026-04-08T06:32:01+00:00,0,0,0,0
2026-04-08T06:33:01+00:00,0,0,0,0
2026-04-08T06:34:01+00:00,0,0,0,0
2026-04-08T06:35:01+00:00,0,0,0,0
2026-04-08T06:36:01+00:00,0,0,0,0
2026-04-08T06:37:01+00:00,0,0,0,0
2026-04-08T06:38:01+00:00,0,0,0,0
2026-04-08T06:39:01+00:00,0,0,0,0
2026-04-08T06:40:01+00:00,0,0,0,0
2026-04-08T06:41:01+00:00,0,0,0,0
2026-04-08T06:42:01+00:00,0,0,0,0
2026-04-08T06:43:01+00:00,0,0,0,0
2026-04-08T06:44:01+00:00,0,0,0,0
2026-04-08T06:45:01+00:00,0,0,0,0
2026-04-08T06:46:01+00:00,0,0,0,0
2026-04-08T06:47:01+00:00,0,0,0,0
2026-04-08T06:48:01+00:00,0,0,0,0
2026-04-08T06:49:01+00:00,0,0,0,0
2026-04-08T06:50:01+00:00,0,0,0,0
2026-04-08T06:51:01+00:00,0,0,0,0
2026-04-08T06:52:01+00:00,0,0,0,0
2026-04-08T06:53:01+00:00,0,0,0,0
2026-04-08T06:54:01+00:00,0,0,0,0
2026-04-08T06:55:01+00:00,0,0,0,0
2026-04-08T06:56:01+00:00,0,0,0,0
2026-04-08T06:57:01+00:00,0,0,0,0
2026-04-08T06:58:01+00:00,0,0,0,0
2026-04-08T06:59:01+00:00,0,0,0,0
2026-04-08T07:00:01+00:00,0,0,0,0
2026-04-08T07:01:01+00:00,0,0,0,0
2026-04-08T07:02:01+00:00,0,0,0,0
2026-04-08T07:03:01+00:00,0,0,0,0
2026-04-08T07:04:01+00:00,0,0,0,0
2026-04-08T07:05:01+00:00,0,0,0,1
2026-04-08T07:06:01+00:00,0,0,0,0
2026-04-08T07:07:01+00:00,0,0,0,0
2026-04-08T07:08:01+00:00,0,0,0,0
2026-04-08T07:09:01+00:00,0,0,0,0
2026-04-08T07:10:01+00:00,0,0,0,0
2026-04-08T07:11:01+00:00,0,0,0,0
2026-04-08T07:12:01+00:00,0,0,0,0
2026-04-08T07:13:01+00:00,0,0,0,0
2026-04-08T07:14:01+00:00,0,0,0,0
2026-04-08T07:15:01+00:00,0,0,0,0
2026-04-08T07:16:01+00:00,0,0,0,0
2026-04-08T07:17:01+00:00,0,0,0,0
2026-04-08T07:18:01+00:00,0,0,0,0
2026-04-08T07:19:01+00:00,0,0,0,0
2026-04-08T07:20:01+00:00,0,0,0,0
2026-04-08T07:21:01+00:00,0,0,0,0
2026-04-08T07:22:01+00:00,0,0,0,0
2026-04-08T07:23:01+00:00,0,0,0,0
2026-04-08T07:24:01+00:00,0,0,0,0
2026-04-08T07:25:01+00:00,0,0,0,0
2026-04-08T07:26:01+00:00,0,0,0,0
2026-04-08T07:27:01+00:00,0,0,0,0
2026-04-08T07:28:01+00:00,0,0,0,0
2026-04-08T07:29:01+00:00,0,0,0,0
2026-04-08T07:30:01+00:00,0,0,1,0
2026-04-08T07:31:01+00:00,0,0,0,0
2026-04-08T07:32:01+00:00,0,0,0,0
2026-04-08T07:33:01+00:00,0,0,0,0
2026-04-08T07:34:02+00:00,0,0,0,0
2026-04-08T07:35:01+00:00,0,0,0,0
2026-04-08T07:36:01+00:00,0,0,0,0
2026-04-08T07:37:01+00:00,0,0,0,0
2026-04-08T07:38:01+00:00,0,0,0,0
2026-04-08T07:39:01+00:00,0,0,0,0
2026-04-08T07:40:01+00:00,0,0,0,0
2026-04-08T07:41:01+00:00,0,0,0,0
2026-04-08T07:42:01+00:00,0,0,0,0
2026-04-08T07:43:01+00:00,0,0,0,0
2026-04-08T07:44:01+00:00,0,0,0,0
2026-04-08T07:45:01+00:00,0,0,0,0
2026-04-08T07:46:01+00:00,0,0,0,0
2026-04-08T07:47:01+00:00,0,0,0,0
2026-04-08T07:48:01+00:00,0,0,0,0
2026-04-08T07:49:01+00:00,0,0,0,0
2026-04-08T07:50:01+00:00,0,0,0,0
2026-04-08T07:51:01+00:00,0,0,0,0
2026-04-08T07:52:01+00:00,0,0,0,0
2026-04-08T07:53:01+00:00,0,0,0,0
2026-04-08T07:54:01+00:00,0,0,0,0
2026-04-08T07:55:01+00:00,0,0,0,0
2026-04-08T07:56:01+00:00,0,0,0,0
2026-04-08T07:57:01+00:00,0,0,0,0
2026-04-08T07:58:01+00:00,0,0,0,0
2026-04-08T07:59:01+00:00,0,0,0,0
2026-04-08T08:00:01+00:00,0,0,0,0
2026-04-08T08:01:01+00:00,0,0,0,0
2026-04-08T08:02:01+00:00,0,0,0,0
2026-04-08T08:03:01+00:00,0,0,0,0
2026-04-08T08:04:01+00:00,0,0,0,0
2026-04-08T08:05:01+00:00,0,0,0,1
2026-04-08T08:06:01+00:00,0,0,0,0
2026-04-08T08:07:01+00:00,0,0,0,0
2026-04-08T08:08:01+00:00,0,0,0,0
2026-04-08T08:09:01+00:00,0,0,0,0
2026-04-08T08:10:01+00:00,0,0,0,0
2026-04-08T08:11:01+00:00,0,0,0,0
2026-04-08T08:12:01+00:00,0,0,0,0
2026-04-08T08:13:01+00:00,0,0,0,0
2026-04-08T08:14:01+00:00,0,0,0,0
2026-04-08T08:15:01+00:00,0,0,0,0
2026-04-08T08:16:01+00:00,0,0,0,0
2026-04-08T08:17:01+00:00,0,0,0,0
2026-04-08T08:18:01+00:00,0,0,0,0
2026-04-08T08:19:01+00:00,0,0,0,0
2026-04-08T08:20:01+00:00,0,0,0,0
2026-04-08T08:21:01+00:00,0,0,0,0
2026-04-08T08:22:01+00:00,0,0,0,0
2026-04-08T08:23:01+00:00,0,0,0,0
2026-04-08T08:24:01+00:00,0,0,0,0
2026-04-08T08:25:01+00:00,0,0,0,0
2026-04-08T08:26:01+00:00,0,0,0,0
2026-04-08T08:27:01+00:00,0,0,0,0
2026-04-08T08:28:01+00:00,0,0,0,0
2026-04-08T08:29:01+00:00,0,0,0,0
2026-04-08T08:30:01+00:00,0,0,1,0
2026-04-08T08:31:01+00:00,0,0,0,0
2026-04-08T08:32:01+00:00,0,0,0,0
2026-04-08T08:33:01+00:00,0,0,0,0
2026-04-08T08:34:01+00:00,0,0,0,0
2026-04-08T08:35:01+00:00,0,0,0,0
2026-04-08T08:36:01+00:00,0,0,0,0
2026-04-08T08:37:01+00:00,0,0,0,0
2026-04-08T08:38:01+00:00,0,0,0,0
2026-04-08T08:39:01+00:00,0,0,0,0
2026-04-08T08:40:01+00:00,0,0,0,0
2026-04-08T08:41:01+00:00,0,0,0,0
2026-04-08T08:42:01+00:00,0,0,0,0
2026-04-08T08:43:01+00:00,0,0,0,0
2026-04-08T08:44:01+00:00,0,0,0,0
2026-04-08T08:45:01+00:00,0,0,0,0
2026-04-08T08:46:01+00:00,0,0,0,0
2026-04-08T08:47:01+00:00,0,0,0,0
2026-04-08T08:48:01+00:00,0,0,0,0
2026-04-08T08:49:01+00:00,0,0,0,0
2026-04-08T08:50:01+00:00,0,0,0,0
2026-04-08T08:51:01+00:00,0,0,0,0
2026-04-08T08:52:01+00:00,0,0,0,0
2026-04-08T08:53:01+00:00,0,0,0,0
2026-04-08T08:54:01+00:00,0,0,0,0
2026-04-08T08:55:01+00:00,0,0,0,0
2026-04-08T08:56:01+00:00,0,0,0,0
2026-04-08T08:57:01+00:00,0,0,0,0
2026-04-08T08:58:01+00:00,0,0,0,0
2026-04-08T08:59:01+00:00,0,0,0,0
2026-04-08T09:00:01+00:00,0,0,0,0
2026-04-08T09:01:01+00:00,0,0,0,0
2026-04-08T09:02:01+00:00,0,0,0,0
2026-04-08T09:03:01+00:00,0,0,0,0
2026-04-08T09:04:01+00:00,0,0,0,0
2026-04-08T09:05:01+00:00,0,0,0,1
2026-04-08T09:06:01+00:00,0,0,0,0
2026-04-08T09:07:01+00:00,0,0,0,0
2026-04-08T09:08:01+00:00,0,0,0,0
2026-04-08T09:09:01+00:00,0,0,0,0
2026-04-08T09:10:01+00:00,0,0,0,0
2026-04-08T09:11:01+00:00,0,0,0,0
2026-04-08T09:12:01+00:00,0,0,0,0
2026-04-08T09:13:01+00:00,0,0,0,0
2026-04-08T09:14:01+00:00,0,0,0,0
2026-04-08T09:15:01+00:00,0,0,0,0
2026-04-08T09:16:01+00:00,0,0,0,0
2026-04-08T09:17:01+00:00,0,0,0,0
2026-04-08T09:18:01+00:00,0,0,0,0
2026-04-08T09:19:01+00:00,0,0,0,0
2026-04-08T09:20:01+00:00,0,0,0,0
2026-04-08T09:21:01+00:00,0,0,0,0
2026-04-08T09:22:01+00:00,0,0,0,0
2026-04-08T09:23:01+00:00,0,0,0,0
2026-04-08T09:24:01+00:00,0,0,0,0
2026-04-08T09:25:01+00:00,0,0,0,0
2026-04-08T09:26:01+00:00,0,0,0,0
2026-04-08T09:27:01+00:00,0,0,0,0
2026-04-08T09:28:01+00:00,0,0,0,0
2026-04-08T09:29:01+00:00,0,0,0,0
2026-04-08T09:30:01+00:00,0,0,1,0
2026-04-08T09:31:01+00:00,0,0,0,0
2026-04-08T09:32:01+00:00,0,0,0,0
2026-04-08T09:33:01+00:00,0,0,0,0
2026-04-08T09:34:01+00:00,0,0,0,0
2026-04-08T09:35:01+00:00,0,0,0,0
2026-04-08T09:36:01+00:00,0,0,0,0
2026-04-08T09:37:01+00:00,0,0,0,0
2026-04-08T09:38:01+00:00,0,0,0,0
2026-04-08T09:39:01+00:00,0,0,0,0
2026-04-08T09:40:01+00:00,0,0,0,0
2026-04-08T09:41:01+00:00,0,0,0,0
2026-04-08T09:42:01+00:00,0,0,0,0
2026-04-08T09:43:01+00:00,0,0,0,0
2026-04-08T09:44:01+00:00,0,0,0,0
2026-04-08T09:45:01+00:00,0,0,0,0
2026-04-08T09:46:01+00:00,0,0,0,0
2026-04-08T09:47:01+00:00,0,0,0,0
2026-04-08T09:48:01+00:00,0,0,0,0
2026-04-08T09:49:01+00:00,0,0,0,0
2026-04-08T09:50:01+00:00,0,0,0,0
2026-04-08T09:51:01+00:00,0,0,0,0
2026-04-08T09:52:01+00:00,0,0,0,0
2026-04-08T09:53:01+00:00,0,0,0,0
2026-04-08T09:54:01+00:00,0,0,0,0
2026-04-08T09:55:01+00:00,0,0,0,0
2026-04-08T09:56:01+00:00,0,0,0,0
2026-04-08T09:57:01+00:00,0,0,0,0
2026-04-08T09:58:01+00:00,0,0,0,0
2026-04-08T09:59:01+00:00,0,0,0,0
2026-04-08T10:00:01+00:00,0,0,0,0
2026-04-08T10:01:01+00:00,0,0,0,0
2026-04-08T10:02:01+00:00,0,0,0,0
2026-04-08T10:03:01+00:00,0,0,0,0
2026-04-08T10:04:01+00:00,0,0,0,0
2026-04-08T10:05:01+00:00,0,0,0,1
2026-04-08T10:06:01+00:00,0,0,0,0
2026-04-08T10:07:01+00:00,0,0,0,0
2026-04-08T10:08:01+00:00,0,0,0,0
2026-04-08T10:09:01+00:00,0,0,0,0
2026-04-08T10:10:01+00:00,0,0,0,0
2026-04-08T10:11:01+00:00,0,0,0,0
2026-04-08T10:12:01+00:00,0,0,0,0
2026-04-08T10:13:01+00:00,0,0,0,0
2026-04-08T10:14:01+00:00,0,0,0,0
2026-04-08T10:15:01+00:00,0,0,0,0
2026-04-08T10:16:01+00:00,0,0,0,0
2026-04-08T10:17:01+00:00,0,0,0,0
2026-04-08T10:18:01+00:00,0,0,0,0
2026-04-08T10:19:01+00:00,0,0,0,0
2026-04-08T10:20:01+00:00,0,0,0,0
2026-04-08T10:21:01+00:00,0,0,0,0
2026-04-08T10:22:01+00:00,0,0,0,0
2026-04-08T10:23:01+00:00,0,0,0,0
2026-04-08T10:24:02+00:00,0,0,0,0
2026-04-08T10:25:01+00:00,0,0,0,0
2026-04-08T10:26:01+00:00,0,0,0,0
2026-04-08T10:27:01+00:00,0,0,0,0
2026-04-08T10:28:01+00:00,0,0,0,0
2026-04-08T10:29:01+00:00,0,0,0,0
2026-04-08T10:30:01+00:00,0,0,1,0
2026-04-08T10:31:01+00:00,0,0,0,0
2026-04-08T10:32:01+00:00,0,0,0,0
2026-04-08T10:33:01+00:00,0,0,0,0
2026-04-08T10:34:01+00:00,0,0,0,0
2026-04-08T10:35:01+00:00,0,0,0,0
2026-04-08T10:36:01+00:00,0,0,0,0
2026-04-08T10:37:01+00:00,0,0,0,0
2026-04-08T10:38:01+00:00,0,0,0,0
2026-04-08T10:39:01+00:00,0,0,0,0
2026-04-08T10:40:01+00:00,0,0,0,0
2026-04-08T10:41:01+00:00,0,0,0,0
2026-04-08T10:42:01+00:00,0,0,0,0
2026-04-08T10:43:01+00:00,0,0,0,0
2026-04-08T10:44:01+00:00,0,0,0,0
2026-04-08T10:45:01+00:00,0,0,0,0
2026-04-08T10:46:01+00:00,0,0,0,0
2026-04-08T10:47:01+00:00,0,0,0,0
2026-04-08T10:48:01+00:00,0,0,0,0
2026-04-08T10:49:01+00:00,0,0,0,0
2026-04-08T10:50:01+00:00,0,0,0,0
2026-04-08T10:51:01+00:00,0,0,0,0
2026-04-08T10:52:01+00:00,0,0,0,0
2026-04-08T10:53:01+00:00,0,0,0,0
2026-04-08T10:54:01+00:00,0,0,0,0
2026-04-08T10:55:01+00:00,0,0,0,0
2026-04-08T10:56:01+00:00,0,0,0,0
2026-04-08T10:57:01+00:00,0,0,0,0
2026-04-08T10:58:01+00:00,0,0,0,0
2026-04-08T10:59:01+00:00,0,0,0,0
2026-04-08T11:00:01+00:00,0,0,0,0
2026-04-08T11:01:01+00:00,0,0,0,0
2026-04-08T11:02:01+00:00,0,0,0,0
2026-04-08T11:03:01+00:00,0,0,0,0
2026-04-08T11:04:01+00:00,0,0,0,0
2026-04-08T11:05:01+00:00,0,0,0,1
2026-04-08T11:06:01+00:00,0,0,0,0
2026-04-08T11:07:01+00:00,0,0,0,0
2026-04-08T11:08:01+00:00,0,0,0,0
2026-04-08T11:09:01+00:00,0,0,0,0
2026-04-08T11:10:01+00:00,0,0,0,0
2026-04-08T11:11:01+00:00,0,0,0,0
2026-04-08T11:12:01+00:00,0,0,0,0
2026-04-08T11:13:01+00:00,0,0,0,0
2026-04-08T11:14:01+00:00,0,0,0,0
2026-04-08T11:15:01+00:00,0,0,0,0
2026-04-08T11:16:01+00:00,0,0,0,0
2026-04-08T11:17:01+00:00,0,0,0,0
2026-04-08T11:18:01+00:00,0,0,0,0
2026-04-08T11:19:01+00:00,0,0,0,0
2026-04-08T11:20:01+00:00,0,0,0,0
2026-04-08T11:21:01+00:00,0,0,0,0
2026-04-08T11:22:01+00:00,0,0,0,0
2026-04-08T11:23:01+00:00,0,0,0,0
2026-04-08T11:24:01+00:00,0,0,0,0
2026-04-08T11:25:01+00:00,0,0,0,0
2026-04-08T11:26:01+00:00,0,0,0,0
2026-04-08T11:27:01+00:00,0,0,0,0
2026-04-08T11:28:01+00:00,0,0,0,0
2026-04-08T11:29:01+00:00,0,0,0,0
2026-04-08T11:30:01+00:00,0,0,1,0
2026-04-08T11:31:01+00:00,0,0,0,0
2026-04-08T11:32:01+00:00,0,0,0,0
2026-04-08T11:33:01+00:00,0,0,0,0
2026-04-08T11:34:01+00:00,0,0,0,0
2026-04-08T11:35:01+00:00,0,0,0,0
2026-04-08T11:36:01+00:00,0,0,0,0
2026-04-08T11:37:01+00:00,0,0,0,0
2026-04-08T11:38:01+00:00,0,0,0,0
2026-04-08T11:39:01+00:00,0,0,0,0
2026-04-08T11:40:01+00:00,0,0,0,0
2026-04-08T11:41:01+00:00,0,0,0,0
2026-04-08T11:42:01+00:00,0,0,0,0
2026-04-08T11:43:01+00:00,0,0,0,0
2026-04-08T11:44:01+00:00,0,0,0,0
2026-04-08T11:45:01+00:00,0,0,0,0
2026-04-08T11:46:01+00:00,0,0,0,0
2026-04-08T11:47:01+00:00,0,0,0,0
2026-04-08T11:48:01+00:00,0,0,0,0
2026-04-08T11:49:01+00:00,0,0,0,0
2026-04-08T11:50:01+00:00,0,0,0,0
2026-04-08T11:51:01+00:00,0,0,0,0
2026-04-08T11:52:01+00:00,0,0,0,0
2026-04-08T11:53:01+00:00,0,0,0,0
2026-04-08T11:54:01+00:00,0,0,0,0
2026-04-08T11:55:01+00:00,0,0,0,0
2026-04-08T11:56:01+00:00,0,0,0,0
2026-04-08T11:57:02+00:00,0,0,0,0
2026-04-08T11:58:01+00:00,0,0,0,0
2026-04-08T11:59:01+00:00,0,0,0,0
2026-04-08T12:00:01+00:00,0,0,0,0
2026-04-08T12:01:01+00:00,0,0,0,0
2026-04-08T12:02:01+00:00,0,0,0,0
2026-04-08T12:03:01+00:00,0,0,0,0
2026-04-08T12:04:01+00:00,0,0,0,0
2026-04-08T12:05:01+00:00,0,0,0,1
2026-04-08T12:06:01+00:00,0,0,0,0
2026-04-08T12:07:01+00:00,0,0,0,0
2026-04-08T12:08:01+00:00,0,0,0,0
2026-04-08T12:09:01+00:00,0,0,0,0
2026-04-08T12:10:01+00:00,0,0,0,0
2026-04-08T12:11:01+00:00,0,0,0,0
2026-04-08T12:12:01+00:00,0,0,0,0
2026-04-08T12:13:01+00:00,0,0,0,0
2026-04-08T12:14:01+00:00,0,0,0,0
2026-04-08T12:15:01+00:00,0,1,0,0
2026-04-08T12:16:01+00:00,0,0,0,0
2026-04-08T12:17:01+00:00,0,0,0,0
2026-04-08T12:18:01+00:00,0,0,0,0
2026-04-08T12:19:01+00:00,0,0,0,0
2026-04-08T12:20:01+00:00,0,0,0,0
2026-04-08T12:21:01+00:00,0,0,0,0
2026-04-08T12:22:01+00:00,0,0,0,0
2026-04-08T12:23:01+00:00,0,0,0,0
2026-04-08T12:24:01+00:00,0,0,0,0
2026-04-08T12:25:01+00:00,0,0,0,0
2026-04-08T12:26:01+00:00,0,0,0,0
2026-04-08T12:27:01+00:00,0,0,0,0
2026-04-08T12:28:01+00:00,0,0,0,0
2026-04-08T12:29:01+00:00,0,0,0,0
2026-04-08T12:30:01+00:00,0,0,1,0
2026-04-08T12:31:01+00:00,0,0,0,0
2026-04-08T12:32:01+00:00,0,0,0,0
2026-04-08T12:33:01+00:00,0,0,0,0
2026-04-08T12:34:01+00:00,0,0,0,0
2026-04-08T12:35:01+00:00,0,0,0,0
2026-04-08T12:36:01+00:00,0,0,0,0
2026-04-08T12:37:01+00:00,0,0,0,0
2026-04-08T12:38:01+00:00,0,0,0,0
2026-04-08T12:39:01+00:00,0,0,0,0
2026-04-08T12:40:01+00:00,0,0,0,0
2026-04-08T12:41:01+00:00,0,0,0,0
2026-04-08T12:42:01+00:00,0,0,0,0
2026-04-08T12:43:01+00:00,0,0,0,0
2026-04-08T12:44:01+00:00,0,0,0,0
2026-04-08T12:45:01+00:00,0,0,0,0
2026-04-08T12:46:01+00:00,0,0,0,0
2026-04-08T12:47:01+00:00,0,0,0,0
2026-04-08T12:48:01+00:00,0,0,0,0
2026-04-08T12:49:01+00:00,0,0,0,0
2026-04-08T12:50:01+00:00,0,0,0,0
2026-04-08T12:51:01+00:00,0,0,0,0
2026-04-08T12:52:01+00:00,0,0,0,0
2026-04-08T12:53:01+00:00,0,0,0,0
2026-04-08T12:54:01+00:00,0,0,0,0
2026-04-08T12:55:01+00:00,0,0,0,0
2026-04-08T12:56:01+00:00,0,0,0,0
2026-04-08T12:57:01+00:00,0,0,0,0
2026-04-08T12:58:01+00:00,0,0,0,0
2026-04-08T12:59:01+00:00,0,0,0,0
2026-04-08T13:00:01+00:00,0,0,0,0
2026-04-08T13:01:01+00:00,0,0,0,0
2026-04-08T13:02:01+00:00,0,0,0,0
2026-04-08T13:03:01+00:00,0,0,0,0
2026-04-08T13:04:01+00:00,0,0,0,0
2026-04-08T13:05:01+00:00,0,0,0,1
2026-04-08T13:06:01+00:00,0,0,0,0
2026-04-08T13:07:01+00:00,0,0,0,0
2026-04-08T13:08:01+00:00,0,0,0,0
2026-04-08T13:09:01+00:00,0,0,0,0
2026-04-08T13:10:01+00:00,0,0,0,0
2026-04-08T13:11:01+00:00,0,0,0,0
2026-04-08T13:12:01+00:00,0,0,0,0
2026-04-08T13:13:01+00:00,0,0,0,0
2026-04-08T13:14:01+00:00,0,0,0,0
2026-04-08T13:15:01+00:00,0,0,0,0
2026-04-08T13:16:01+00:00,0,0,0,0
2026-04-08T13:17:01+00:00,0,0,0,0
2026-04-08T13:18:01+00:00,0,0,0,0
2026-04-08T13:19:01+00:00,0,0,0,0
2026-04-08T13:20:01+00:00,0,0,0,0
2026-04-08T13:21:01+00:00,0,0,0,0
2026-04-08T13:22:01+00:00,0,0,0,0
2026-04-08T13:23:01+00:00,0,0,0,0
2026-04-08T13:24:01+00:00,0,0,0,0
2026-04-08T13:25:01+00:00,0,0,0,0
2026-04-08T13:26:01+00:00,0,0,0,0
2026-04-08T13:27:01+00:00,0,0,0,0
2026-04-08T13:28:01+00:00,0,0,0,0
2026-04-08T13:29:01+00:00,0,0,0,0
2026-04-08T13:30:01+00:00,0,0,0,0
2026-04-08T13:31:01+00:00,0,0,0,0
2026-04-08T13:32:01+00:00,0,0,0,0
2026-04-08T13:33:01+00:00,0,0,0,0
2026-04-08T13:34:01+00:00,0,0,0,0
2026-04-08T13:35:01+00:00,0,0,0,0
2026-04-08T13:36:01+00:00,0,0,0,0
2026-04-08T13:37:01+00:00,0,0,0,0
2026-04-08T13:38:01+00:00,0,0,0,0
2026-04-08T13:39:01+00:00,0,0,0,0
2026-04-08T13:40:01+00:00,0,0,0,0
2026-04-08T13:41:01+00:00,0,0,0,0
2026-04-08T13:42:01+00:00,0,0,0,0
2026-04-08T13:43:01+00:00,0,0,0,0
2026-04-08T13:44:01+00:00,0,0,0,0
2026-04-08T13:45:01+00:00,0,0,0,0
2026-04-08T13:46:01+00:00,0,0,0,0
2026-04-08T13:47:01+00:00,0,0,0,0
2026-04-08T13:48:01+00:00,0,0,0,0
2026-04-08T13:49:01+00:00,0,0,0,0
2026-04-08T13:50:01+00:00,0,0,0,0
2026-04-08T13:51:01+00:00,0,0,0,0
2026-04-08T13:52:02+00:00,0,0,0,0
2026-04-08T13:53:01+00:00,0,0,0,0
2026-04-08T13:54:01+00:00,0,0,0,0
2026-04-08T13:55:01+00:00,0,0,0,0
2026-04-08T13:56:01+00:00,0,0,0,0
2026-04-08T13:57:01+00:00,0,0,0,0
2026-04-08T13:58:01+00:00,0,0,0,0
2026-04-08T13:59:01+00:00,0,0,0,0
2026-04-08T14:00:01+00:00,0,0,0,0
2026-04-08T14:01:01+00:00,0,0,0,0
2026-04-08T14:02:01+00:00,0,0,0,0
2026-04-08T14:03:01+00:00,0,0,0,0
2026-04-08T14:04:01+00:00,0,0,0,0
2026-04-08T14:05:01+00:00,0,0,0,1
2026-04-08T14:06:01+00:00,0,0,0,0
2026-04-08T14:07:01+00:00,0,0,0,0
2026-04-08T14:08:01+00:00,0,0,0,0
2026-04-08T14:09:01+00:00,0,0,0,0
2026-04-08T14:10:01+00:00,0,0,0,0
2026-04-08T14:11:01+00:00,0,0,0,0
2026-04-08T14:12:01+00:00,0,0,0,0
2026-04-08T14:13:01+00:00,0,0,0,0
2026-04-08T14:14:01+00:00,0,0,0,0
2026-04-08T14:15:01+00:00,0,1,0,0
2026-04-08T14:16:01+00:00,0,0,0,0
2026-04-08T14:17:01+00:00,0,0,0,0
2026-04-08T14:18:01+00:00,0,0,0,0
2026-04-08T14:19:01+00:00,0,0,0,0
2026-04-08T14:20:01+00:00,0,0,0,0
2026-04-08T14:21:01+00:00,0,0,0,0
2026-04-08T14:22:01+00:00,0,0,0,0
2026-04-08T14:23:01+00:00,0,0,0,0
2026-04-08T14:24:01+00:00,0,0,0,0
2026-04-08T14:25:01+00:00,0,0,0,0
2026-04-08T14:26:01+00:00,0,0,0,0
2026-04-08T14:27:01+00:00,0,0,0,0
2026-04-08T14:28:01+00:00,0,0,0,0
2026-04-08T14:29:01+00:00,0,0,0,0
2026-04-08T14:30:01+00:00,0,0,1,0
2026-04-08T14:31:01+00:00,0,0,0,0
2026-04-08T14:32:01+00:00,0,0,0,0
2026-04-08T14:33:01+00:00,0,0,0,0
2026-04-08T14:34:01+00:00,0,0,0,0
2026-04-08T14:35:01+00:00,0,0,0,0
2026-04-08T14:36:01+00:00,0,0,0,0
2026-04-08T14:37:01+00:00,0,0,0,0
2026-04-08T14:38:01+00:00,0,0,0,0
2026-04-08T14:39:01+00:00,0,0,0,0
2026-04-08T14:40:01+00:00,0,0,0,0
2026-04-08T14:41:01+00:00,0,0,0,0
2026-04-08T14:42:01+00:00,0,0,0,0
2026-04-08T14:43:01+00:00,0,0,0,0
2026-04-08T14:44:01+00:00,0,0,0,0
2026-04-08T14:45:01+00:00,0,0,0,0
2026-04-08T14:46:01+00:00,0,0,0,0
2026-04-08T14:47:01+00:00,0,0,0,0
2026-04-08T14:48:01+00:00,0,0,0,0
2026-04-08T14:49:01+00:00,0,0,0,0
2026-04-08T14:50:01+00:00,0,0,0,0
2026-04-08T14:51:01+00:00,0,0,0,0
2026-04-08T14:52:01+00:00,0,0,0,0
2026-04-08T14:53:01+00:00,0,0,0,0
2026-04-08T14:54:01+00:00,0,0,0,0
2026-04-08T14:55:01+00:00,0,0,0,0
2026-04-08T14:56:01+00:00,0,0,0,0
2026-04-08T14:57:01+00:00,0,0,0,0
2026-04-08T14:58:01+00:00,0,0,0,0
2026-04-08T14:59:01+00:00,0,0,0,0
2026-04-08T15:00:01+00:00,0,0,0,0
2026-04-08T15:01:01+00:00,0,0,0,0
2026-04-08T15:02:01+00:00,0,0,0,0
2026-04-08T15:03:01+00:00,0,0,0,0
2026-04-08T15:04:01+00:00,0,0,0,0
2026-04-08T15:05:01+00:00,0,0,0,1
2026-04-08T15:06:01+00:00,0,0,0,0
2026-04-08T15:07:01+00:00,0,0,0,0
2026-04-08T15:08:01+00:00,0,0,0,0
2026-04-08T15:09:01+00:00,0,0,0,0
2026-04-08T15:10:01+00:00,0,0,0,0
2026-04-08T15:11:01+00:00,0,0,0,0
2026-04-08T15:12:01+00:00,0,0,0,0
2026-04-08T15:13:01+00:00,0,0,0,0
2026-04-08T15:14:01+00:00,0,0,0,0
2026-04-08T15:15:01+00:00,0,0,0,0
2026-04-08T15:16:01+00:00,0,0,0,0
2026-04-08T15:17:01+00:00,0,0,0,0
2026-04-08T15:18:01+00:00,0,0,0,0
2026-04-08T15:19:01+00:00,0,0,0,0
2026-04-08T15:20:01+00:00,0,0,0,0
2026-04-08T15:21:01+00:00,0,0,0,0
2026-04-08T15:22:01+00:00,0,0,0,0
2026-04-08T15:23:01+00:00,0,0,0,0
2026-04-08T15:24:01+00:00,0,0,0,0
2026-04-08T15:25:01+00:00,0,0,0,0
2026-04-08T15:26:01+00:00,0,0,0,0
2026-04-08T15:27:01+00:00,0,0,0,0
2026-04-08T15:28:01+00:00,0,0,0,0
2026-04-08T15:29:01+00:00,0,0,0,0
2026-04-08T15:30:01+00:00,0,0,1,0
2026-04-08T15:31:01+00:00,0,0,0,0
2026-04-08T15:32:02+00:00,0,0,0,0
2026-04-08T15:33:01+00:00,0,0,0,0
2026-04-08T15:34:01+00:00,0,0,0,0
2026-04-08T15:35:02+00:00,0,0,0,0
2026-04-08T15:36:01+00:00,0,0,0,0
2026-04-08T15:37:01+00:00,0,0,0,0
2026-04-08T15:38:01+00:00,0,0,0,0
2026-04-08T15:39:01+00:00,0,0,0,0
2026-04-08T15:40:01+00:00,0,0,0,0
2026-04-08T15:41:01+00:00,0,0,0,0
2026-04-08T15:42:01+00:00,0,0,0,0
2026-04-08T15:43:01+00:00,0,0,0,0
2026-04-08T15:44:01+00:00,0,0,0,0
2026-04-08T15:45:01+00:00,0,0,0,0
2026-04-08T15:46:01+00:00,0,0,0,0
2026-04-08T15:47:01+00:00,0,0,0,0
2026-04-08T15:48:01+00:00,0,0,0,0
2026-04-08T15:49:01+00:00,0,0,0,0
2026-04-08T15:50:01+00:00,0,0,0,0
2026-04-08T15:51:01+00:00,0,0,0,0
2026-04-08T15:52:01+00:00,0,0,0,0
2026-04-08T15:53:01+00:00,0,0,0,0
2026-04-08T15:54:01+00:00,0,0,0,0
2026-04-08T15:55:01+00:00,0,0,0,0
2026-04-08T15:56:01+00:00,0,0,0,0
2026-04-08T15:57:01+00:00,0,0,0,0
2026-04-08T15:58:01+00:00,0,0,0,0
2026-04-08T15:59:01+00:00,0,0,0,0
2026-04-08T16:00:01+00:00,0,0,0,0
2026-04-08T16:01:01+00:00,0,0,0,0
2026-04-08T16:02:01+00:00,0,0,0,0
2026-04-08T16:03:01+00:00,0,0,0,0
2026-04-08T16:04:01+00:00,0,0,0,0
2026-04-08T16:05:01+00:00,0,0,0,1
2026-04-08T16:06:01+00:00,0,0,0,0
2026-04-08T16:07:01+00:00,0,0,0,0
2026-04-08T16:08:01+00:00,0,0,0,0
2026-04-08T16:09:01+00:00,0,0,0,0
2026-04-08T16:10:01+00:00,0,0,0,0
2026-04-08T16:11:01+00:00,0,0,0,0
2026-04-08T16:12:01+00:00,0,0,0,0
2026-04-08T16:13:01+00:00,0,0,0,0
2026-04-08T16:14:01+00:00,0,0,0,0
2026-04-08T16:15:01+00:00,0,0,0,0
2026-04-08T16:16:01+00:00,0,0,0,0
2026-04-08T16:17:01+00:00,0,0,0,0
2026-04-08T16:18:01+00:00,0,0,0,0
2026-04-08T16:19:01+00:00,0,0,0,0
2026-04-08T16:20:01+00:00,0,0,0,0
2026-04-08T16:21:01+00:00,0,0,0,0
2026-04-08T16:22:01+00:00,0,0,0,0
2026-04-08T16:23:01+00:00,0,0,0,0
2026-04-08T16:24:01+00:00,0,0,0,0
2026-04-08T16:25:01+00:00,0,0,0,0
2026-04-08T16:26:01+00:00,0,0,0,0
2026-04-08T16:27:01+00:00,0,0,0,0
2026-04-08T16:28:01+00:00,0,0,0,0
2026-04-08T16:29:01+00:00,0,0,0,0
2026-04-08T16:30:01+00:00,0,0,0,0
2026-04-08T16:31:01+00:00,0,0,0,0
2026-04-08T16:32:01+00:00,0,0,0,0
2026-04-08T16:33:01+00:00,0,0,0,0
2026-04-08T16:34:01+00:00,0,0,0,0
2026-04-08T16:35:01+00:00,0,0,0,0
2026-04-08T16:36:01+00:00,0,0,0,0
2026-04-08T16:37:01+00:00,0,0,0,0
2026-04-08T16:38:01+00:00,0,0,0,0
2026-04-08T16:39:01+00:00,0,0,0,0
2026-04-08T16:40:01+00:00,0,0,0,0
2026-04-08T16:41:01+00:00,0,0,0,0
2026-04-08T16:42:01+00:00,0,0,0,0
2026-04-08T16:43:01+00:00,0,0,0,0
2026-04-08T16:44:01+00:00,0,0,0,0
2026-04-08T16:45:01+00:00,0,0,0,0
2026-04-08T16:46:01+00:00,0,0,0,0
2026-04-08T16:47:01+00:00,0,0,0,0
2026-04-08T16:48:01+00:00,0,0,0,0
2026-04-08T16:49:01+00:00,0,0,0,0
2026-04-08T16:50:01+00:00,0,0,0,0
2026-04-08T16:51:01+00:00,0,0,0,0
2026-04-08T16:52:01+00:00,0,0,0,0
2026-04-08T16:53:01+00:00,0,0,0,0
2026-04-08T16:54:01+00:00,0,0,0,0
2026-04-08T16:55:01+00:00,0,0,0,0
2026-04-08T16:56:01+00:00,0,0,0,0
2026-04-08T16:57:01+00:00,0,0,0,0
2026-04-08T16:58:01+00:00,0,0,0,0
2026-04-08T16:59:01+00:00,0,0,0,0
2026-04-08T17:00:01+00:00,0,0,0,0
2026-04-08T17:01:01+00:00,0,0,0,0
2026-04-08T17:02:01+00:00,0,0,0,0
2026-04-08T17:03:01+00:00,0,0,0,0
2026-04-08T17:04:01+00:00,0,0,0,0
2026-04-08T17:05:01+00:00,0,0,0,0
2026-04-08T17:06:01+00:00,0,0,0,0
2026-04-08T17:07:01+00:00,0,0,0,0
2026-04-08T17:08:01+00:00,0,0,0,0
2026-04-08T17:09:01+00:00,0,0,0,0
2026-04-08T17:10:02+00:00,0,0,0,0
2026-04-08T17:11:01+00:00,0,0,0,0
2026-04-08T17:12:01+00:00,0,0,0,0
2026-04-08T17:13:01+00:00,0,0,0,0
2026-04-08T17:14:01+00:00,0,0,0,0
2026-04-08T17:15:01+00:00,0,0,0,0
2026-04-08T17:16:01+00:00,0,0,0,0
2026-04-08T17:17:01+00:00,0,0,0,0
2026-04-08T17:18:01+00:00,0,0,0,0
2026-04-08T17:19:01+00:00,0,0,0,0
2026-04-08T17:20:01+00:00,0,0,0,0
2026-04-08T17:21:01+00:00,0,0,0,0
2026-04-08T17:22:01+00:00,0,0,0,0
2026-04-08T17:23:01+00:00,0,0,0,0
2026-04-08T17:24:01+00:00,0,0,0,0
2026-04-08T17:25:01+00:00,0,0,0,0
2026-04-08T17:26:01+00:00,0,0,0,0
2026-04-08T17:27:01+00:00,0,0,0,0
2026-04-08T17:28:01+00:00,0,0,0,0
2026-04-08T17:29:01+00:00,0,0,0,0
2026-04-08T17:30:01+00:00,0,0,1,0
2026-04-08T17:31:01+00:00,0,0,0,0
2026-04-08T17:32:01+00:00,0,0,0,0
2026-04-08T17:33:01+00:00,0,0,0,0
2026-04-08T17:34:01+00:00,0,0,0,0
2026-04-08T17:35:01+00:00,0,0,0,0
2026-04-08T17:36:01+00:00,0,0,0,0
2026-04-08T17:37:01+00:00,0,0,0,0
2026-04-08T17:38:01+00:00,0,0,0,0
2026-04-08T17:39:01+00:00,0,0,0,0
2026-04-08T17:40:01+00:00,0,0,0,0
2026-04-08T17:41:01+00:00,0,0,0,0
2026-04-08T17:42:01+00:00,0,0,0,0
2026-04-08T17:43:01+00:00,0,0,0,0
2026-04-08T17:44:01+00:00,0,0,0,0
2026-04-08T17:45:01+00:00,0,0,0,0
2026-04-08T17:46:01+00:00,0,0,0,0
2026-04-08T17:47:01+00:00,0,0,0,0
2026-04-08T17:48:01+00:00,0,0,0,0
2026-04-08T17:49:01+00:00,0,0,0,0
2026-04-08T17:50:01+00:00,0,0,0,0
2026-04-08T17:51:01+00:00,0,0,0,0
2026-04-08T17:52:01+00:00,0,0,0,0
2026-04-08T17:53:01+00:00,0,0,0,0
2026-04-08T17:54:01+00:00,0,0,0,0
2026-04-08T17:55:01+00:00,0,0,0,0
2026-04-08T17:56:01+00:00,0,0,0,0
2026-04-08T17:57:01+00:00,0,0,0,0
2026-04-08T17:58:01+00:00,0,0,0,0
2026-04-08T17:59:01+00:00,0,0,0,0
2026-04-08T18:00:01+00:00,0,0,0,0
2026-04-08T18:01:01+00:00,0,0,0,0
2026-04-08T18:02:01+00:00,0,0,0,0
2026-04-08T18:03:02+00:00,0,0,0,0
2026-04-08T18:04:01+00:00,0,0,0,0
2026-04-08T18:05:01+00:00,0,0,0,1
2026-04-08T18:06:01+00:00,0,0,0,0
2026-04-08T18:07:01+00:00,0,0,0,0
2026-04-08T18:08:01+00:00,0,0,0,0
2026-04-08T18:09:01+00:00,0,0,0,0
2026-04-08T18:10:01+00:00,0,0,0,0
2026-04-08T18:11:01+00:00,0,0,0,0
2026-04-08T18:12:01+00:00,0,0,0,0
2026-04-08T18:13:01+00:00,0,0,0,0
2026-04-08T18:14:01+00:00,0,0,0,0
2026-04-08T18:15:01+00:00,0,1,0,0
2026-04-08T18:16:01+00:00,0,0,0,0
2026-04-08T18:17:01+00:00,0,0,0,0
2026-04-08T18:18:01+00:00,0,0,0,0
2026-04-08T18:19:01+00:00,0,0,0,0
2026-04-08T18:20:01+00:00,0,0,0,0
2026-04-08T18:21:01+00:00,0,0,0,0
2026-04-08T18:22:01+00:00,0,0,0,0
2026-04-08T18:23:01+00:00,0,0,0,0
2026-04-08T18:24:01+00:00,0,0,0,0
2026-04-08T18:25:01+00:00,0,0,0,0
2026-04-08T18:26:01+00:00,0,0,0,0
2026-04-08T18:27:01+00:00,0,0,0,0
2026-04-08T18:28:01+00:00,0,0,0,0
2026-04-08T18:29:01+00:00,0,0,0,0
2026-04-08T18:30:01+00:00,0,0,1,0
2026-04-08T18:31:01+00:00,0,0,0,0
2026-04-08T18:32:01+00:00,0,0,0,0
2026-04-08T18:33:01+00:00,0,0,0,0
2026-04-08T18:34:01+00:00,0,0,0,0
2026-04-08T18:35:01+00:00,0,0,0,0
2026-04-08T18:36:01+00:00,0,0,0,0
2026-04-08T18:37:01+00:00,0,0,0,0
2026-04-08T18:38:01+00:00,0,0,0,0
2026-04-08T18:39:01+00:00,0,0,0,0
2026-04-08T18:40:01+00:00,0,0,0,0
2026-04-08T18:41:01+00:00,0,0,0,0
2026-04-08T18:42:01+00:00,0,0,0,0
2026-04-08T18:43:01+00:00,0,0,0,0
2026-04-08T18:44:01+00:00,0,0,0,0
2026-04-08T18:45:01+00:00,0,0,0,0
2026-04-08T18:46:01+00:00,0,0,0,0
2026-04-08T18:47:01+00:00,0,0,0,0
2026-04-08T18:48:01+00:00,0,0,0,0
2026-04-08T18:49:01+00:00,0,0,0,0
2026-04-08T18:50:01+00:00,0,0,0,0
2026-04-08T18:51:01+00:00,0,0,0,0
2026-04-08T18:52:01+00:00,0,0,0,0
2026-04-08T18:53:01+00:00,0,0,0,0
2026-04-08T18:54:01+00:00,0,0,0,0
2026-04-08T18:55:01+00:00,0,0,0,0
2026-04-08T18:56:01+00:00,0,0,0,0
2026-04-08T18:57:01+00:00,0,0,0,0
2026-04-08T18:58:01+00:00,0,0,0,0
2026-04-08T18:59:01+00:00,0,0,0,0
2026-04-08T19:00:01+00:00,0,0,0,0
2026-04-08T19:01:01+00:00,0,0,0,0
2026-04-08T19:02:01+00:00,0,0,0,0
2026-04-08T19:03:01+00:00,0,0,0,0
2026-04-08T19:04:01+00:00,0,0,0,0
2026-04-08T19:05:01+00:00,0,0,0,1
2026-04-08T19:06:01+00:00,0,0,0,0
2026-04-08T19:07:01+00:00,0,0,0,0
2026-04-08T19:08:01+00:00,0,0,0,0
2026-04-08T19:09:01+00:00,0,0,0,0
2026-04-08T19:10:01+00:00,0,0,0,0
2026-04-08T19:11:01+00:00,0,0,0,0
2026-04-08T19:12:01+00:00,0,0,0,0
2026-04-08T19:13:01+00:00,0,0,0,0
2026-04-08T19:14:01+00:00,0,0,0,0
2026-04-08T19:15:01+00:00,0,0,0,0
2026-04-08T19:16:01+00:00,0,0,0,0
2026-04-08T19:17:01+00:00,0,0,0,0
2026-04-08T19:18:01+00:00,0,0,0,0
2026-04-08T19:19:01+00:00,0,0,0,0
2026-04-08T19:20:01+00:00,0,0,0,0
2026-04-08T19:21:01+00:00,0,0,0,0
2026-04-08T19:22:01+00:00,0,0,0,0
2026-04-08T19:23:01+00:00,0,0,0,0
2026-04-08T19:24:01+00:00,0,0,0,0
2026-04-08T19:25:01+00:00,0,0,0,0
2026-04-08T19:26:01+00:00,0,0,0,0
2026-04-08T19:27:01+00:00,0,0,0,0
2026-04-08T19:28:01+00:00,0,0,0,0
2026-04-08T19:29:01+00:00,0,0,0,0
2026-04-08T19:30:01+00:00,0,0,1,0
2026-04-08T19:31:01+00:00,0,0,0,0
2026-04-08T19:32:01+00:00,0,0,0,0
2026-04-08T19:33:01+00:00,0,0,0,0
2026-04-08T19:34:01+00:00,0,0,0,0
2026-04-08T19:35:01+00:00,0,0,0,0
2026-04-08T19:36:01+00:00,0,0,0,0
2026-04-08T19:37:01+00:00,0,0,0,0
2026-04-08T19:38:01+00:00,0,0,0,0
2026-04-08T19:39:01+00:00,0,0,0,0
2026-04-08T19:40:01+00:00,0,0,0,0
2026-04-08T19:41:01+00:00,0,0,0,0
2026-04-08T19:42:01+00:00,0,0,0,0
2026-04-08T19:43:01+00:00,0,0,0,0
2026-04-08T19:44:01+00:00,0,0,0,0
2026-04-08T19:45:01+00:00,0,0,0,0
2026-04-08T19:46:01+00:00,0,0,0,0
2026-04-08T19:47:01+00:00,0,0,0,0
2026-04-08T19:48:01+00:00,0,0,0,0
2026-04-08T19:49:01+00:00,0,0,0,0
2026-04-08T19:50:01+00:00,0,0,0,0
2026-04-08T19:51:01+00:00,0,0,0,0
2026-04-08T19:52:01+00:00,0,0,0,0
2026-04-08T19:53:01+00:00,0,0,0,0
2026-04-08T19:54:01+00:00,0,0,0,0
2026-04-08T19:55:01+00:00,0,0,0,0
2026-04-08T19:56:01+00:00,0,0,0,0
2026-04-08T19:57:01+00:00,0,0,0,0
2026-04-08T19:58:01+00:00,0,0,0,0
2026-04-08T19:59:01+00:00,0,0,0,0
2026-04-08T20:00:01+00:00,0,0,0,0
2026-04-08T20:01:01+00:00,0,0,0,0
2026-04-08T20:02:01+00:00,0,0,0,0
2026-04-08T20:03:01+00:00,0,0,0,0
2026-04-08T20:04:01+00:00,0,0,0,0
2026-04-08T20:05:01+00:00,0,0,0,1
2026-04-08T20:06:01+00:00,0,0,0,0
2026-04-08T20:07:01+00:00,0,0,0,0
2026-04-08T20:08:01+00:00,0,0,0,0
2026-04-08T20:09:01+00:00,0,0,0,0
2026-04-08T20:10:01+00:00,0,0,0,0
2026-04-08T20:11:01+00:00,0,0,0,0
2026-04-08T20:12:01+00:00,0,0,0,0
2026-04-08T20:13:01+00:00,0,0,0,0
2026-04-08T20:14:01+00:00,0,0,0,0
2026-04-08T20:15:01+00:00,0,1,0,0
2026-04-08T20:16:01+00:00,0,0,0,0
2026-04-08T20:17:01+00:00,0,0,0,0
2026-04-08T20:18:01+00:00,0,0,0,0
2026-04-08T20:19:01+00:00,0,0,0,0
2026-04-08T20:20:01+00:00,0,0,0,0
2026-04-08T20:21:01+00:00,0,0,0,0
2026-04-08T20:22:01+00:00,0,0,0,0
2026-04-08T20:23:01+00:00,0,0,0,0
2026-04-08T20:24:01+00:00,0,0,0,0
2026-04-08T20:25:01+00:00,0,0,0,0
2026-04-08T20:26:02+00:00,0,0,0,0
2026-04-08T20:27:01+00:00,0,0,0,0
2026-04-08T20:28:01+00:00,0,0,0,0
2026-04-08T20:29:01+00:00,0,0,0,0
2026-04-08T20:30:01+00:00,0,0,1,0
2026-04-08T20:31:01+00:00,0,0,0,0
2026-04-08T20:32:01+00:00,0,0,0,0
2026-04-08T20:33:01+00:00,0,0,0,0
2026-04-08T20:34:01+00:00,0,0,0,0
2026-04-08T20:35:01+00:00,0,0,0,0
2026-04-08T20:36:01+00:00,0,0,0,0
2026-04-08T20:37:01+00:00,0,0,0,0
2026-04-08T20:38:01+00:00,0,0,0,0
2026-04-08T20:39:01+00:00,0,0,0,0
2026-04-08T20:40:01+00:00,0,0,0,0
2026-04-08T20:41:01+00:00,0,0,0,0
2026-04-08T20:42:01+00:00,0,0,0,0
2026-04-08T20:43:01+00:00,0,0,0,0
2026-04-08T20:44:01+00:00,0,0,0,0
2026-04-08T20:45:01+00:00,0,0,0,0
2026-04-08T20:46:01+00:00,0,0,0,0
2026-04-08T20:47:01+00:00,0,0,0,0
2026-04-08T20:48:01+00:00,0,0,0,0
2026-04-08T20:49:01+00:00,0,0,0,0
2026-04-08T20:50:01+00:00,0,0,0,0
2026-04-08T20:51:01+00:00,0,0,0,0
2026-04-08T20:52:01+00:00,0,0,0,0
2026-04-08T20:53:01+00:00,0,0,0,0
2026-04-08T20:54:01+00:00,0,0,0,0
2026-04-08T20:55:01+00:00,0,0,0,0
2026-04-08T20:56:01+00:00,0,0,0,0
2026-04-08T20:57:01+00:00,0,0,0,0
2026-04-08T20:58:01+00:00,0,0,0,0
2026-04-08T20:59:02+00:00,0,0,0,0
2026-04-08T21:00:01+00:00,0,0,0,0
2026-04-08T21:01:01+00:00,0,0,0,0
2026-04-08T21:02:01+00:00,0,0,0,0
2026-04-08T21:03:01+00:00,0,0,0,0
2026-04-08T21:04:01+00:00,0,0,0,0
2026-04-08T21:05:01+00:00,0,0,0,1
2026-04-08T21:06:01+00:00,0,0,0,0
2026-04-08T21:07:01+00:00,0,0,0,0
2026-04-08T21:08:01+00:00,0,0,0,0
2026-04-08T21:09:01+00:00,0,0,0,0
2026-04-08T21:10:01+00:00,0,0,0,0
2026-04-08T21:11:01+00:00,0,0,0,0
2026-04-08T21:12:01+00:00,0,0,0,0
2026-04-08T21:13:01+00:00,0,0,0,0
2026-04-08T21:14:01+00:00,0,0,0,0
2026-04-08T21:15:01+00:00,0,0,0,0
2026-04-08T21:16:01+00:00,0,0,0,0
2026-04-08T21:17:01+00:00,0,0,0,0
2026-04-08T21:18:01+00:00,0,0,0,0
2026-04-08T21:19:01+00:00,0,0,0,0
2026-04-08T21:20:01+00:00,0,0,0,0
2026-04-08T21:21:01+00:00,0,0,0,0
2026-04-08T21:22:01+00:00,0,0,0,0
2026-04-08T21:23:01+00:00,0,0,0,0
2026-04-08T21:24:01+00:00,0,0,0,0
2026-04-08T21:25:01+00:00,0,0,0,0
2026-04-08T21:26:01+00:00,0,0,0,0
2026-04-08T21:27:01+00:00,0,0,0,0
2026-04-08T21:28:01+00:00,0,0,0,0
2026-04-08T21:29:01+00:00,0,0,0,0
2026-04-08T21:30:01+00:00,0,0,1,0
2026-04-08T21:31:01+00:00,0,0,0,0
2026-04-08T21:32:01+00:00,0,0,0,0
2026-04-08T21:33:01+00:00,0,0,0,0
2026-04-08T21:34:01+00:00,0,0,0,0
2026-04-08T21:35:01+00:00,0,0,0,0
2026-04-08T21:36:01+00:00,0,0,0,0
2026-04-08T21:37:01+00:00,0,0,0,0
2026-04-08T21:38:01+00:00,0,0,0,0
2026-04-08T21:39:02+00:00,0,0,0,0
2026-04-08T21:40:01+00:00,0,0,0,0
2026-04-08T21:41:01+00:00,0,0,0,0
2026-04-08T21:42:01+00:00,0,0,0,0
2026-04-08T21:43:01+00:00,0,0,0,0
2026-04-08T21:44:01+00:00,0,0,0,0
2026-04-08T21:45:01+00:00,0,0,0,0
2026-04-08T21:46:01+00:00,0,0,0,0
2026-04-08T21:47:01+00:00,0,0,0,0
2026-04-08T21:48:01+00:00,0,0,0,0
2026-04-08T21:49:01+00:00,0,0,0,0
2026-04-08T21:50:01+00:00,0,0,0,0
2026-04-08T21:51:01+00:00,0,0,0,0
2026-04-08T21:52:01+00:00,0,0,0,0
2026-04-08T21:53:01+00:00,0,0,0,0
2026-04-08T21:54:01+00:00,0,0,0,0
2026-04-08T21:55:01+00:00,0,0,0,0
2026-04-08T21:56:01+00:00,0,0,0,0
2026-04-08T21:57:01+00:00,0,0,0,0
2026-04-08T21:58:01+00:00,0,0,0,0
2026-04-08T21:59:01+00:00,0,0,0,0
2026-04-08T22:00:01+00:00,0,0,0,0
2026-04-08T22:01:01+00:00,0,0,0,0
2026-04-08T22:02:01+00:00,0,0,0,0
2026-04-08T22:03:01+00:00,0,0,0,0
2026-04-08T22:04:01+00:00,0,0,0,0
2026-04-08T22:05:01+00:00,0,0,0,1
2026-04-08T22:06:01+00:00,0,0,0,0
2026-04-08T22:07:01+00:00,0,0,0,0
2026-04-08T22:08:01+00:00,0,0,0,0
2026-04-08T22:09:01+00:00,0,0,0,0
2026-04-08T22:10:01+00:00,0,0,0,0
2026-04-08T22:11:01+00:00,0,0,0,0
2026-04-08T22:12:01+00:00,0,0,0,0
2026-04-08T22:13:01+00:00,0,0,0,0
2026-04-08T22:14:01+00:00,0,0,0,0
2026-04-08T22:15:01+00:00,0,1,0,0
2026-04-08T22:16:01+00:00,0,0,0,0
2026-04-08T22:17:01+00:00,0,0,0,0
2026-04-08T22:18:01+00:00,0,0,0,0
2026-04-08T22:19:01+00:00,0,0,0,0
2026-04-08T22:20:01+00:00,0,0,0,0
2026-04-08T22:21:02+00:00,0,0,0,0
2026-04-08T22:22:01+00:00,0,0,0,0
2026-04-08T22:23:01+00:00,0,0,0,0
2026-04-08T22:24:01+00:00,0,0,0,0
2026-04-08T22:25:01+00:00,0,0,0,0
2026-04-08T22:26:01+00:00,0,0,0,0
2026-04-08T22:27:01+00:00,0,0,0,0
2026-04-08T22:28:01+00:00,0,0,0,0
2026-04-08T22:29:01+00:00,0,0,0,0
2026-04-08T22:30:01+00:00,0,0,1,0
2026-04-08T22:31:01+00:00,0,0,0,0
2026-04-08T22:32:01+00:00,0,0,0,0
2026-04-08T22:33:01+00:00,0,0,0,0
2026-04-08T22:34:01+00:00,0,0,0,0
2026-04-08T22:35:01+00:00,0,0,0,0
2026-04-08T22:36:01+00:00,0,0,0,0
2026-04-08T22:37:01+00:00,0,0,0,0
2026-04-08T22:38:01+00:00,0,0,0,0
2026-04-08T22:39:01+00:00,0,0,0,0
2026-04-08T22:40:01+00:00,0,0,0,0
2026-04-08T22:41:01+00:00,0,0,0,0
2026-04-08T22:42:01+00:00,0,0,0,0
2026-04-08T22:43:01+00:00,0,0,0,0
2026-04-08T22:44:01+00:00,0,0,0,0
2026-04-08T22:45:01+00:00,0,0,0,0
2026-04-08T22:46:01+00:00,0,0,0,0
2026-04-08T22:47:01+00:00,0,0,0,0
2026-04-08T22:48:01+00:00,0,0,0,0
2026-04-08T22:49:01+00:00,0,0,0,0
2026-04-08T22:50:01+00:00,0,0,0,0
2026-04-08T22:51:01+00:00,0,0,0,0
2026-04-08T22:52:01+00:00,0,0,0,0
2026-04-08T22:53:01+00:00,0,0,0,0
2026-04-08T22:54:01+00:00,0,0,0,0
2026-04-08T22:55:01+00:00,0,0,0,0
2026-04-08T22:56:01+00:00,0,0,0,0
2026-04-08T22:57:01+00:00,0,0,0,0
2026-04-08T22:58:01+00:00,0,0,0,0
2026-04-08T22:59:01+00:00,0,0,0,0
2026-04-08T23:00:01+00:00,0,0,0,0
2026-04-08T23:01:01+00:00,0,0,0,0
2026-04-08T23:02:01+00:00,0,0,0,0
2026-04-08T23:03:01+00:00,0,0,0,0
2026-04-08T23:04:01+00:00,0,0,0,0
2026-04-08T23:05:01+00:00,0,0,0,1
2026-04-08T23:06:01+00:00,0,0,0,0
2026-04-08T23:07:01+00:00,0,0,0,0
2026-04-08T23:08:01+00:00,0,0,0,0
2026-04-08T23:09:01+00:00,0,0,0,0
2026-04-08T23:10:01+00:00,0,0,0,0
2026-04-08T23:11:01+00:00,0,0,0,0
2026-04-08T23:12:01+00:00,0,0,0,0
2026-04-08T23:13:01+00:00,0,0,0,0
2026-04-08T23:14:01+00:00,0,0,0,0
2026-04-08T23:15:01+00:00,0,0,0,0
2026-04-08T23:16:01+00:00,0,0,0,0
2026-04-08T23:17:01+00:00,0,0,0,0
2026-04-08T23:18:01+00:00,0,0,0,0
2026-04-08T23:19:01+00:00,0,0,0,0
2026-04-08T23:20:01+00:00,0,0,0,0
2026-04-08T23:21:01+00:00,0,0,0,0
2026-04-08T23:22:01+00:00,0,0,0,0
2026-04-08T23:23:01+00:00,0,0,0,0
2026-04-08T23:24:01+00:00,0,0,0,0
2026-04-08T23:25:01+00:00,0,0,0,0
2026-04-08T23:26:01+00:00,0,0,0,0
2026-04-08T23:27:01+00:00,0,0,0,0
2026-04-08T23:28:01+00:00,0,0,0,0
2026-04-08T23:29:01+00:00,0,0,0,0
2026-04-08T23:30:01+00:00,0,0,1,0
2026-04-08T23:31:01+00:00,0,0,0,0
2026-04-08T23:32:01+00:00,0,0,0,0
2026-04-08T23:33:01+00:00,0,0,0,0
2026-04-08T23:34:01+00:00,0,0,0,0
2026-04-08T23:35:01+00:00,0,0,0,0
2026-04-08T23:36:01+00:00,0,0,0,0
2026-04-08T23:37:01+00:00,0,0,0,0
2026-04-08T23:38:01+00:00,0,0,0,0
2026-04-08T23:39:01+00:00,0,0,0,0
2026-04-08T23:40:01+00:00,0,0,0,0
2026-04-08T23:41:01+00:00,0,0,0,0
2026-04-08T23:42:01+00:00,0,0,0,0
2026-04-08T23:43:01+00:00,0,0,0,0
2026-04-08T23:44:01+00:00,0,0,0,0
2026-04-08T23:45:01+00:00,0,0,0,0
2026-04-08T23:46:01+00:00,0,0,0,0
2026-04-08T23:47:01+00:00,0,0,0,0
2026-04-08T23:48:01+00:00,0,0,0,0
2026-04-08T23:49:01+00:00,0,0,0,0
2026-04-08T23:50:01+00:00,0,0,0,0
2026-04-08T23:51:01+00:00,0,0,0,0
2026-04-08T23:52:01+00:00,0,0,0,0
2026-04-08T23:53:01+00:00,0,0,0,0
2026-04-08T23:54:01+00:00,0,0,0,0
2026-04-08T23:55:01+00:00,0,0,0,0
2026-04-08T23:56:01+00:00,0,0,0,0
2026-04-08T23:57:01+00:00,0,0,0,0
2026-04-08T23:58:01+00:00,0,0,0,0
2026-04-08T23:59:01+00:00,0,0,0,0
2026-04-09T00:00:01+00:00,0,0,0,0
2026-04-09T00:01:01+00:00,0,0,0,0
2026-04-09T00:02:01+00:00,0,0,0,0
2026-04-09T00:03:01+00:00,0,0,0,0
2026-04-09T00:04:01+00:00,0,0,0,0
2026-04-09T00:05:01+00:00,0,0,0,1
2026-04-09T00:06:01+00:00,0,0,0,0
2026-04-09T00:07:01+00:00,0,0,0,0
2026-04-09T00:08:01+00:00,0,0,0,0
2026-04-09T00:09:01+00:00,0,0,0,0
2026-04-09T00:10:01+00:00,0,0,0,0
2026-04-09T00:11:01+00:00,0,0,0,0
2026-04-09T00:12:01+00:00,0,0,0,0
2026-04-09T00:13:01+00:00,0,0,0,0
2026-04-09T00:14:01+00:00,0,0,0,0
2026-04-09T00:15:01+00:00,0,1,0,0
2026-04-09T00:16:01+00:00,0,0,0,0
2026-04-09T00:17:01+00:00,0,0,0,0
2026-04-09T00:18:01+00:00,0,0,0,0
2026-04-09T00:19:01+00:00,0,0,0,0
2026-04-09T00:20:01+00:00,0,0,0,0
2026-04-09T00:21:01+00:00,0,0,0,0
2026-04-09T00:22:01+00:00,0,0,0,0
2026-04-09T00:23:01+00:00,0,0,0,0
2026-04-09T00:24:01+00:00,0,0,0,0
2026-04-09T00:25:01+00:00,0,0,0,0
2026-04-09T00:26:01+00:00,0,0,0,0
2026-04-09T00:27:01+00:00,0,0,0,0
2026-04-09T00:28:01+00:00,0,0,0,0
2026-04-09T00:29:01+00:00,0,0,0,0
2026-04-09T00:30:01+00:00,0,0,1,0
2026-04-09T00:31:01+00:00,0,0,0,0
2026-04-09T00:32:01+00:00,0,0,0,0
2026-04-09T00:33:01+00:00,0,0,0,0
2026-04-09T00:34:01+00:00,0,0,0,0
2026-04-09T00:35:01+00:00,0,0,0,0
2026-04-09T00:36:01+00:00,0,0,0,0
2026-04-09T00:37:01+00:00,0,0,0,0
2026-04-09T00:38:01+00:00,0,0,0,0
2026-04-09T00:39:01+00:00,0,0,0,0
2026-04-09T00:40:01+00:00,0,0,0,0
2026-04-09T00:41:01+00:00,0,0,0,0
2026-04-09T00:42:01+00:00,0,0,0,0
2026-04-09T00:43:01+00:00,0,0,0,0
2026-04-09T00:44:01+00:00,0,0,0,0
2026-04-09T00:45:01+00:00,0,0,0,0
2026-04-09T00:46:01+00:00,0,0,0,0
2026-04-09T00:47:01+00:00,0,0,0,0
2026-04-09T00:48:01+00:00,0,0,0,0
2026-04-09T00:49:01+00:00,0,0,0,0
2026-04-09T00:50:01+00:00,0,0,0,0
2026-04-09T00:51:01+00:00,0,0,0,0
2026-04-09T00:52:01+00:00,0,0,0,0
2026-04-09T00:53:01+00:00,0,0,0,0
2026-04-09T00:54:01+00:00,0,0,0,0
2026-04-09T00:55:01+00:00,0,0,0,0
2026-04-09T00:56:01+00:00,0,0,0,0
2026-04-09T00:57:01+00:00,0,0,0,0
2026-04-09T00:58:01+00:00,0,0,0,0
2026-04-09T00:59:01+00:00,0,0,0,0
2026-04-09T01:00:01+00:00,0,0,0,0
2026-04-09T01:01:01+00:00,0,0,0,0
2026-04-09T01:02:01+00:00,0,0,0,0
2026-04-09T01:03:01+00:00,0,0,0,0
2026-04-09T01:04:02+00:00,0,0,0,0
2026-04-09T01:05:01+00:00,0,0,0,1
2026-04-09T01:06:01+00:00,0,0,0,0
2026-04-09T01:07:01+00:00,0,0,0,0
2026-04-09T01:08:01+00:00,0,0,0,0
2026-04-09T01:09:01+00:00,0,0,0,0
2026-04-09T01:10:01+00:00,0,0,0,0
2026-04-09T01:11:01+00:00,0,0,0,0
2026-04-09T01:12:01+00:00,0,0,0,0
2026-04-09T01:13:01+00:00,0,0,0,0
2026-04-09T01:14:01+00:00,0,0,0,0
2026-04-09T01:15:01+00:00,0,0,0,0
2026-04-09T01:16:01+00:00,0,0,0,0
2026-04-09T01:17:01+00:00,0,0,0,0
2026-04-09T01:18:01+00:00,0,0,0,0
2026-04-09T01:19:01+00:00,0,0,0,0
2026-04-09T01:20:01+00:00,0,0,0,0
2026-04-09T01:21:01+00:00,0,0,0,0
2026-04-09T01:22:01+00:00,0,0,0,0
2026-04-09T01:23:01+00:00,0,0,0,0
2026-04-09T01:24:01+00:00,0,0,0,0
2026-04-09T01:25:01+00:00,0,0,0,0
2026-04-09T01:26:01+00:00,0,0,0,0
2026-04-09T01:27:01+00:00,0,0,0,0
2026-04-09T01:28:01+00:00,0,0,0,0
2026-04-09T01:29:01+00:00,0,0,0,0
2026-04-09T01:30:01+00:00,0,0,1,0
2026-04-09T01:31:01+00:00,0,0,0,0
2026-04-09T01:32:01+00:00,0,0,0,0
2026-04-09T01:33:01+00:00,0,0,0,0
2026-04-09T01:34:01+00:00,0,0,0,0
2026-04-09T01:35:01+00:00,0,0,0,0
2026-04-09T01:36:01+00:00,0,0,0,0
2026-04-09T01:37:02+00:00,0,0,0,0
2026-04-09T01:38:01+00:00,0,0,0,0
2026-04-09T01:39:01+00:00,0,0,0,0
2026-04-09T01:40:01+00:00,0,0,0,0
2026-04-09T01:41:01+00:00,0,0,0,0
2026-04-09T01:42:01+00:00,0,0,0,0
2026-04-09T01:43:01+00:00,0,0,0,0
2026-04-09T01:44:01+00:00,0,0,0,0
2026-04-09T01:45:01+00:00,0,0,0,0
2026-04-09T01:46:01+00:00,0,0,0,0
2026-04-09T01:47:01+00:00,0,0,0,0
2026-04-09T01:48:01+00:00,0,0,0,0
2026-04-09T01:49:01+00:00,0,0,0,0
2026-04-09T01:50:01+00:00,0,0,0,0
2026-04-09T01:51:01+00:00,0,0,0,0
2026-04-09T01:52:01+00:00,0,0,0,0
2026-04-09T01:53:01+00:00,0,0,0,0
2026-04-09T01:54:01+00:00,0,0,0,0
2026-04-09T01:55:01+00:00,0,0,0,0
2026-04-09T01:56:01+00:00,0,0,0,0
2026-04-09T01:57:01+00:00,0,0,0,0
2026-04-09T01:58:01+00:00,0,0,0,0
2026-04-09T01:59:01+00:00,0,0,0,0
2026-04-09T02:00:01+00:00,0,0,0,0
2026-04-09T02:01:01+00:00,0,0,0,0
2026-04-09T02:02:01+00:00,0,0,0,0
2026-04-09T02:03:01+00:00,0,0,0,0
2026-04-09T02:04:01+00:00,0,0,0,0
2026-04-09T02:05:01+00:00,0,0,0,1
2026-04-09T02:06:02+00:00,0,0,0,0
2026-04-09T02:07:01+00:00,0,0,0,0
2026-04-09T02:08:01+00:00,0,0,0,0
2026-04-09T02:09:01+00:00,0,0,0,0
2026-04-09T02:10:01+00:00,0,0,0,0
2026-04-09T02:11:01+00:00,0,0,0,0
2026-04-09T02:12:01+00:00,0,0,0,0
2026-04-09T02:13:01+00:00,0,0,0,0
2026-04-09T02:14:01+00:00,0,0,0,0
2026-04-09T02:15:01+00:00,0,1,0,0
2026-04-09T02:16:01+00:00,0,0,0,0
2026-04-09T02:17:01+00:00,0,0,0,0
2026-04-09T02:18:01+00:00,0,0,0,0
2026-04-09T02:19:01+00:00,0,0,0,0
2026-04-09T02:20:01+00:00,0,0,0,0
2026-04-09T02:21:01+00:00,0,0,0,0
2026-04-09T02:22:01+00:00,0,0,0,0
2026-04-09T02:23:01+00:00,0,0,0,0
2026-04-09T02:24:01+00:00,0,0,0,0
